Age,Tenure,Usage Frequency,Support Calls,Payment Delay,Total Spend,Last Interaction,Churn,Gender,Subscription Type,Contract Length
39.39226,31.036716,15.794524,3.6140203,13.016244,631.25757,14.422125,0.5683962,Male,Standard,Quarterly
39.391605,31.040264,15.796608,3.6136198,13.010559,631.25867,14.425944,0.5679887,Male,Standard,Quarterly
39.392612,31.034813,15.793407,3.6142347,13.019287,631.25696,14.420081,0.5686144,Male,Standard,Quarterly
39.39213,31.037422,15.794939,3.6139402,13.015112,631.2578,14.422887,0.568315,Male,Standard,Quarterly
39.39217,31.037233,15.794828,3.6139617,13.015411,631.25775,14.422686,0.56833655,Male,Standard,Quarterly
39.392853,31.033524,15.792648,3.61438,13.021354,631.2566,14.418693,0.5687625,Male,Standard,Quarterly
39.39286,31.033478,15.792619,3.6143854,13.021434,631.2566,14.418639,0.56876814,Male,Standard,Quarterly
39.39212,31.037483,15.794975,3.6139333,13.015014,631.2578,14.422952,0.568308,Male,Standard,Quarterly
39.392475,31.03558,15.793855,3.6141481,13.018064,631.2572,14.420903,0.5685267,Male,Standard,Quarterly
39.392517,31.035345,15.793718,3.6141748,13.018438,631.25714,14.420651,0.5685535,Male,Standard,Quarterly
39.391895,31.0387,15.795689,3.6137967,13.013068,631.2582,14.424258,0.5681686,Male,Standard,Quarterly
39.392723,31.034212,15.793053,3.6143026,13.020254,631.25684,14.419433,0.5686836,Male,Standard,Quarterly
39.392582,31.035,15.793514,3.6142135,13.018993,631.257,14.420279,0.56859326,Male,Standard,Quarterly
39.39201,31.03808,15.795326,3.6138663,13.014056,631.25793,14.423594,0.5682394,Male,Standard,Quarterly
39.392467,31.035608,15.793872,3.6141448,13.018016,631.2572,14.420935,0.5685233,Male,Standard,Quarterly
39.392567,31.035059,15.793552,3.6142066,13.018891,631.257,14.420348,0.568586,Male,Standard,Quarterly
39.391804,31.039196,15.7959795,3.613741,13.012273,631.2583,14.424791,0.56811166,Male,Standard,Quarterly
39.393097,31.0322,15.791872,3.6145287,13.023471,631.25616,14.417272,0.5689142,Male,Standard,Quarterly
39.391857,31.038904,15.795808,3.6137736,13.012741,631.25824,14.424479,0.5681451,Male,Standard,Quarterly
39.3928,31.041277,15.796016,3.6136162,13.006641,631.31836,14.429896,0.56800187,Male,Standard,Quarterly
39.393097,31.0322,15.791872,3.6145287,13.023471,631.25616,14.417272,0.5689142,Male,Standard,Quarterly
39.392117,31.037493,15.79498,3.6139321,13.014995,631.2578,14.422964,0.5683066,Male,Standard,Quarterly
39.392467,31.035622,15.79388,3.6141434,13.017996,631.25726,14.420949,0.56852174,Male,Standard,Quarterly
39.3921,31.037592,15.795039,3.6139214,13.014841,631.2578,14.423068,0.5682956,Male,Standard,Quarterly
39.39255,31.03515,15.793604,3.6141965,13.018749,631.2571,14.420443,0.5685758,Male,Standard,Quarterly
39.391865,31.038868,15.795789,3.6137774,13.012795,631.25824,14.424441,0.568149,Male,Standard,Quarterly
39.392246,31.036812,15.7945795,3.6140094,13.016091,631.25757,14.422229,0.5683853,Male,Standard,Quarterly
39.391888,31.038734,15.7957115,3.6137924,13.013006,631.2582,14.424299,0.5681641,Male,Standard,Quarterly
39.393097,31.0322,15.791872,3.6145287,13.023471,631.25616,14.417272,0.5689142,Male,Standard,Quarterly
39.393097,31.0322,15.791872,3.6145287,13.023471,631.25616,14.417272,0.5689142,Male,Standard,Quarterly
39.392704,31.034328,15.79312,3.6142895,13.020065,631.25684,14.419558,0.5686702,Male,Standard,Quarterly
39.39217,31.037209,15.794812,3.613965,13.015458,631.25775,14.422654,0.5683398,Male,Standard,Quarterly
39.392624,31.034767,15.793378,3.6142397,13.019363,631.25696,14.42003,0.56861985,Male,Standard,Quarterly
39.3929,31.033258,15.792493,3.6144094,13.021779,631.25653,14.418408,0.56879294,Male,Standard,Quarterly
39.391216,31.042381,15.797853,3.6133811,13.007167,631.2592,14.428223,0.56774545,Male,Standard,Quarterly
39.393036,31.032516,15.792057,3.6144934,13.022966,631.2563,14.41761,0.568878,Male,Standard,Quarterly
39.392017,31.038038,15.7953,3.6138706,13.014126,631.25793,14.423547,0.5682444,Male,Standard,Quarterly
39.392155,31.037308,15.794871,3.6139534,13.015296,631.25775,14.422762,0.5683283,Male,Standard,Quarterly
39.391846,31.038963,15.795843,3.6137667,13.012647,631.25824,14.4245405,0.56813836,Male,Standard,Quarterly
39.39226,31.036716,15.794524,3.6140203,13.016244,631.25757,14.422125,0.5683962,Male,Standard,Quarterly
39.39208,31.0377,15.795103,3.6139088,13.014663,631.2579,14.423187,0.56828296,Male,Standard,Quarterly
39.393097,31.0322,15.791872,3.6145287,13.023471,631.25616,14.417272,0.5689142,Male,Standard,Quarterly
39.392303,31.036499,15.794395,3.6140444,13.016589,631.2575,14.421893,0.568421,Male,Standard,Quarterly
39.392742,31.034107,15.792993,3.6143138,13.020419,631.2568,14.419321,0.5686954,Male,Standard,Quarterly
39.392628,31.034744,15.7933655,3.6142423,13.019401,631.25696,14.420004,0.5686225,Male,Standard,Quarterly
39.391815,31.039135,15.795943,3.6137476,13.012371,631.25824,14.4247265,0.56811863,Male,Standard,Quarterly
39.392372,31.036133,15.794182,3.6140857,13.017176,631.2574,14.4215,0.568463,Male,Standard,Quarterly
39.39275,31.034071,15.79297,3.6143184,13.02048,631.2568,14.41928,0.56869984,Male,Standard,Quarterly
39.392876,31.033379,15.792562,3.614396,13.021585,631.25653,14.418537,0.5687791,Male,Standard,Quarterly
39.39192,31.038591,15.795625,3.6138086,13.013241,631.2581,14.424143,0.568181,Male,Standard,Quarterly
39.39178,31.039326,15.796057,3.613726,13.012064,631.2583,14.424934,0.5680966,Male,Standard,Quarterly
39.392624,31.034758,15.793373,3.614241,13.019379,631.25696,14.420019,0.568621,Male,Standard,Quarterly
39.39272,31.034254,15.793077,3.6142974,13.0201845,631.25684,14.419478,0.5686787,Male,Standard,Quarterly
39.392452,31.035683,15.793917,3.6141367,13.017896,631.25726,14.421016,0.56851465,Male,Standard,Quarterly
39.39293,31.0331,15.792401,3.6144276,13.022031,631.2565,14.41824,0.5688109,Male,Standard,Quarterly
39.39267,31.034521,15.793236,3.614267,13.019754,631.2569,14.419767,0.56864786,Male,Standard,Quarterly
39.39297,31.03289,15.792275,3.6144514,13.022372,631.2564,14.418009,0.5688355,Male,Standard,Quarterly
39.39214,31.037388,15.79492,3.6139443,13.015163,631.2578,14.422852,0.56831884,Male,Standard,Quarterly
39.392765,31.033983,15.792918,3.614328,13.020618,631.2568,14.419187,0.5687098,Male,Standard,Quarterly
39.392967,31.032911,15.792289,3.614449,13.022335,631.2565,14.4180355,0.5688327,Male,Standard,Quarterly
39.39134,31.041718,15.797461,3.6134565,13.008234,631.2591,14.4275055,0.567822,Male,Standard,Quarterly
39.39269,31.034424,15.793176,3.6142788,13.019915,631.2569,14.41966,0.56865937,Male,Standard,Quarterly
39.392677,31.034458,15.793198,3.6142743,13.019855,631.2569,14.419699,0.568655,Male,Standard,Quarterly
39.392155,31.03731,15.794871,3.613953,13.015293,631.25775,14.422765,0.568328,Male,Standard,Quarterly
39.392918,31.033165,15.792438,3.6144207,13.021931,631.2565,14.418306,0.5688037,Male,Standard,Quarterly
39.393097,31.0322,15.791872,3.6145287,13.023471,631.25616,14.417272,0.5689142,Male,Standard,Quarterly
39.39269,31.034412,15.79317,3.6142793,13.019932,631.2569,14.419649,0.5686605,Male,Standard,Quarterly
39.392666,31.03454,15.793244,3.614265,13.019727,631.2569,14.419786,0.56864583,Male,Standard,Quarterly
39.392384,31.036049,15.794131,3.6140952,13.017311,631.2574,14.421408,0.56847274,Male,Standard,Quarterly
39.392956,31.032953,15.792313,3.6144443,13.022266,631.2565,14.418079,0.5688278,Male,Standard,Quarterly
39.392376,31.036097,15.794161,3.61409,13.017234,631.2574,14.42146,0.5684672,Male,Standard,Quarterly
39.391808,31.03918,15.795973,3.6137419,13.012295,631.2583,14.424779,0.56811315,Male,Standard,Quarterly
39.391262,31.042147,15.797714,3.613408,13.007546,631.25916,14.427969,0.56777257,Male,Standard,Quarterly
39.39246,31.035654,15.7939,3.6141396,13.017941,631.25726,14.420984,0.5685179,Male,Standard,Quarterly
39.39272,31.034237,15.793067,3.6142993,13.020214,631.25684,14.419459,0.56868076,Male,Standard,Quarterly
39.392193,31.03711,15.794756,3.6139753,13.015611,631.2577,14.422551,0.5683508,Male,Standard,Quarterly
39.39246,31.035646,15.793897,3.6141405,13.017951,631.25726,14.420979,0.5685187,Male,Standard,Quarterly
39.392677,31.034475,15.793207,3.6142726,13.019831,631.2569,14.419718,0.5686533,Male,Standard,Quarterly
39.393047,31.03245,15.792017,3.6145008,13.023073,631.2563,14.417538,0.5688857,Male,Standard,Quarterly
39.392414,31.03589,15.794038,3.6141133,13.017568,631.2573,14.421237,0.5684911,Male,Standard,Quarterly
39.39195,31.0384,15.795514,3.61383,13.013544,631.25806,14.423939,0.56820273,Male,Standard,Quarterly
39.392326,31.036383,15.794329,3.6140575,13.016776,631.2574,14.421768,0.5684344,Male,Standard,Quarterly
39.392338,31.036316,15.794289,3.6140652,13.016885,631.2574,14.421696,0.5684422,Male,Standard,Quarterly
39.3919,31.038675,15.795675,3.613799,13.013104,631.2582,14.424234,0.5681712,Male,Standard,Quarterly
39.392757,31.034044,15.792953,3.614321,13.020522,631.2568,14.419252,0.5687028,Male,Standard,Quarterly
39.392113,31.037539,15.795008,3.6139271,13.014924,631.2578,14.423011,0.5683017,Male,Standard,Quarterly
39.39215,31.037333,15.794885,3.6139507,13.015257,631.25775,14.422789,0.56832546,Male,Standard,Quarterly
39.39172,31.039639,15.796239,3.6136909,13.011565,631.2584,14.425268,0.5680609,Male,Standard,Quarterly
39.392204,31.037033,15.794709,3.6139843,13.015735,631.2577,14.422467,0.56835973,Male,Standard,Quarterly
39.392612,31.034807,15.793402,3.6142352,13.0192995,631.25696,14.420073,0.56861526,Male,Standard,Quarterly
39.391514,31.040777,15.796911,3.613562,13.009737,631.2587,14.426496,0.56792974,Male,Standard,Quarterly
39.393047,31.032465,15.7920265,3.6144993,13.023052,631.2563,14.417553,0.56888413,Male,Standard,Quarterly
39.391666,31.039944,15.79642,3.6136558,13.011072,631.25854,14.425599,0.5680255,Male,Standard,Quarterly
39.392822,31.033695,15.792748,3.6143608,13.021081,631.25665,14.418877,0.568743,Male,Standard,Quarterly
39.392483,31.035517,15.793818,3.6141553,13.018167,631.2572,14.420834,0.56853396,Male,Standard,Quarterly
39.392273,31.036663,15.794493,3.614026,13.016327,631.2575,14.42207,0.5684022,Male,Standard,Quarterly
39.391663,31.039967,15.796433,3.6136534,13.011038,631.25854,14.425621,0.568023,Male,Standard,Quarterly
39.392967,31.032911,15.792289,3.614449,13.022334,631.2565,14.4180355,0.56883264,Male,Standard,Quarterly
39.391937,31.038492,15.795567,3.6138198,13.0134,631.2581,14.424034,0.5681925,Male,Standard,Quarterly
39.391647,31.040047,15.79648,3.6136448,13.010909,631.25854,14.425709,0.5680138,Male,Standard,Quarterly
39.39231,31.036463,15.794375,3.6140487,13.01665,631.25745,14.421852,0.56842536,Male,Standard,Quarterly
39.393097,31.0322,15.791872,3.6145287,13.023471,631.25616,14.417272,0.5689142,Male,Standard,Quarterly
39.391727,31.03963,15.796235,3.6136918,13.011578,631.2584,14.42526,0.5680617,Male,Standard,Quarterly
39.392567,31.03507,15.793556,3.614206,13.01888,631.257,14.420354,0.5685853,Male,Standard,Quarterly
39.392628,31.034729,15.793357,3.614244,13.019422,631.25696,14.4199915,0.568624,Male,Standard,Quarterly
39.392666,31.03455,15.793252,3.614264,13.01971,631.2569,14.419797,0.56864464,Male,Standard,Quarterly
39.391464,31.041027,15.797056,3.6135342,13.009341,631.25885,14.426762,0.56790143,Male,Standard,Quarterly
39.392384,31.036041,15.7941265,3.6140962,13.0173235,631.2574,14.421401,0.5684736,Male,Standard,Quarterly
39.393097,31.0322,15.791872,3.6145287,13.023471,631.25616,14.417272,0.5689142,Male,Standard,Quarterly
39.39206,31.03782,15.795172,3.6138954,13.014474,631.2579,14.423313,0.56826943,Male,Standard,Quarterly
39.39268,31.034449,15.793191,3.6142757,13.019875,631.2569,14.419687,0.5686565,Male,Standard,Quarterly
39.393097,31.0322,15.791872,3.6145287,13.023471,631.25616,14.417272,0.5689142,Male,Standard,Quarterly
39.392933,31.033087,15.792391,3.6144292,13.022055,631.2565,14.418222,0.5688127,Male,Standard,Quarterly
39.393097,31.0322,15.791872,3.6145287,13.023471,631.25616,14.417272,0.5689142,Male,Standard,Quarterly
39.39149,31.040888,15.796973,3.6135502,13.009563,631.2588,14.426613,0.56791735,Male,Standard,Quarterly
39.392307,31.036488,15.794387,3.6140456,13.016611,631.2575,14.421879,0.56842256,Male,Standard,Quarterly
39.391605,31.040281,15.7966175,3.6136184,13.010534,631.25867,14.425959,0.5679869,Male,Standard,Quarterly
39.392014,31.039576,15.795963,3.6137202,13.011199,631.2704,14.425781,0.56809384,Male,Standard,Quarterly
39.392128,31.037468,15.794965,3.6139355,13.01504,631.2578,14.422934,0.5683099,Male,Standard,Quarterly
39.391907,31.038637,15.795652,3.6138034,13.013164,631.2582,14.424194,0.56817544,Male,Standard,Quarterly
39.392345,31.036263,15.794256,3.6140714,13.016971,631.2574,14.421638,0.5684483,Male,Standard,Quarterly
39.392567,31.035067,15.793552,3.6142063,13.0188875,631.257,14.420351,0.56858575,Male,Standard,Quarterly
39.393,31.03272,15.792176,3.6144707,13.02264,631.25635,14.417828,0.5688547,Male,Standard,Quarterly
39.392315,31.036442,15.794361,3.6140509,13.016683,631.25745,14.421831,0.5684276,Male,Standard,Quarterly
39.392776,31.033945,15.792895,3.6143324,13.020679,631.2567,14.419146,0.56871426,Male,Standard,Quarterly
39.39298,31.032845,15.792249,3.6144564,13.022443,631.2564,14.417963,0.56884044,Male,Standard,Quarterly
39.392624,31.034771,15.793382,3.6142392,13.019356,631.25696,14.420035,0.5686193,Male,Standard,Quarterly
39.393097,31.0322,15.791872,3.6145287,13.023471,631.25616,14.417272,0.5689142,Male,Standard,Quarterly
39.392754,31.034046,15.792956,3.6143208,13.020514,631.2568,14.419258,0.5687023,Male,Standard,Quarterly
39.391884,31.038767,15.795729,3.6137888,13.012956,631.2582,14.424333,0.5681606,Male,Standard,Quarterly
39.39197,31.038288,15.795448,3.6138427,13.013723,631.258,14.42382,0.5682155,Male,Standard,Quarterly
39.3928,31.033808,15.792814,3.614348,13.0209,631.25665,14.418998,0.5687299,Male,Standard,Quarterly
39.39273,31.034195,15.793042,3.6143043,13.020281,631.25684,14.4194145,0.5686856,Male,Standard,Quarterly
39.390396,31.037704,15.795303,3.6150937,13.018105,631.2729,14.42475,0.5681096,Male,Standard,Quarterly
39.392056,31.03783,15.79518,3.6138942,13.014455,631.2579,14.423327,0.56826794,Male,Standard,Quarterly
39.392532,31.035246,15.793659,3.6141858,13.018596,631.25714,14.420547,0.56856483,Male,Standard,Quarterly
39.392887,31.033344,15.792543,3.6143997,13.021639,631.25653,14.418501,0.568783,Male,Standard,Quarterly
39.39156,31.04051,15.796754,3.6135921,13.010163,631.25867,14.426209,0.56796026,Male,Standard,Quarterly
39.392277,31.036629,15.794472,3.61403,13.016382,631.2575,14.422032,0.5684062,Male,Standard,Quarterly
39.39231,31.036446,15.794365,3.6140501,13.016672,631.25745,14.421838,0.5684269,Male,Standard,Quarterly
39.39273,31.034178,15.793031,3.6143064,13.02031,631.25684,14.4193945,0.56868774,Male,Standard,Quarterly
39.39193,31.038525,15.795587,3.6138158,13.013344,631.2581,14.424073,0.56818837,Male,Standard,Quarterly
39.39263,31.03472,15.79335,3.614245,13.01944,631.25696,14.419979,0.5686253,Male,Standard,Quarterly
39.392063,31.0378,15.79516,3.6138983,13.01451,631.2579,14.423289,0.5682719,Male,Standard,Quarterly
39.393093,31.032215,15.791881,3.6145272,13.023448,631.25616,14.417286,0.56891257,Male,Standard,Quarterly
39.396126,31.031364,15.79101,3.615777,13.024363,631.2015,14.417917,0.5688551,Male,Standard,Quarterly
39.392353,31.036228,15.794239,3.614075,13.017022,631.2574,14.421604,0.568452,Male,Standard,Quarterly
39.392845,31.033558,15.792669,3.6143758,13.021297,631.2566,14.418732,0.56875837,Male,Standard,Quarterly
39.39227,31.03668,15.794503,3.614024,13.0163,631.2575,14.422087,0.5684003,Male,Standard,Quarterly
39.391483,31.04093,15.796999,3.613545,13.009497,631.25885,14.426658,0.5679126,Male,Standard,Quarterly
39.39297,31.032883,15.792272,3.6144521,13.022381,631.2564,14.418003,0.5688361,Male,Standard,Quarterly
39.393097,31.0322,15.791872,3.6145287,13.023471,631.25616,14.417272,0.5689142,Male,Standard,Quarterly
39.392223,31.036917,15.7946415,3.6139975,13.015922,631.2576,14.422341,0.56837314,Male,Standard,Quarterly
39.39207,31.03776,15.7951355,3.6139026,13.014572,631.2579,14.423248,0.5682764,Male,Standard,Quarterly
39.392338,31.036295,15.794276,3.6140678,13.016916,631.2574,14.421675,0.56844443,Male,Standard,Quarterly
39.392303,31.036505,15.794399,3.614044,13.016583,631.2575,14.421899,0.56842047,Male,Standard,Quarterly
39.392914,31.033192,15.792453,3.614417,13.021886,631.2565,14.418336,0.5688006,Male,Standard,Quarterly
39.39278,31.03391,15.792875,3.6143365,13.020737,631.2567,14.419107,0.5687183,Male,Standard,Quarterly
39.392075,31.037722,15.795116,3.6139061,13.014629,631.2579,14.423209,0.5682805,Male,Standard,Quarterly
39.393097,31.0322,15.791872,3.6145287,13.023471,631.25616,14.417272,0.5689142,Male,Standard,Quarterly
39.392563,31.035084,15.793565,3.614204,13.018856,631.257,14.420372,0.5685835,Male,Standard,Quarterly
39.392677,31.034458,15.793197,3.6142743,13.019858,631.2569,14.419697,0.5686554,Male,Standard,Quarterly
39.392345,31.036266,15.794258,3.614071,13.016968,631.2574,14.421639,0.56844807,Male,Standard,Quarterly
39.393097,31.0322,15.791872,3.6145287,13.023471,631.25616,14.417272,0.5689142,Male,Standard,Quarterly
39.39179,31.039293,15.796038,3.6137295,13.012116,631.2583,14.424898,0.56810033,Male,Standard,Quarterly
39.39297,31.032875,15.792268,3.6144528,13.022393,631.2564,14.417995,0.56883687,Male,Standard,Quarterly
39.39215,31.037329,15.794884,3.6139512,13.015264,631.25775,14.422784,0.56832594,Male,Standard,Quarterly
39.393097,31.0322,15.791872,3.6145287,13.023471,631.25616,14.417272,0.5689142,Male,Standard,Quarterly
39.39279,31.03387,15.792852,3.6143408,13.020799,631.25665,14.419065,0.5687227,Male,Standard,Quarterly
39.393097,31.0322,15.791872,3.6145287,13.023471,631.25616,14.417272,0.5689142,Male,Standard,Quarterly
39.393097,31.0322,15.791872,3.6145287,13.023471,631.25616,14.417272,0.5689142,Male,Standard,Quarterly
39.392014,31.03806,15.795312,3.6138687,13.014092,631.25793,14.423571,0.56824195,Male,Standard,Quarterly
39.392242,31.036825,15.79459,3.6140075,13.016066,631.25757,14.422245,0.56838346,Male,Standard,Quarterly
39.392365,31.036163,15.794199,3.6140823,13.01713,631.2574,14.421532,0.5684597,Male,Standard,Quarterly
39.393097,31.0322,15.791872,3.6145287,13.023471,631.25616,14.417272,0.5689142,Male,Standard,Quarterly
39.3922,31.037058,15.794724,3.6139817,13.0156975,631.2577,14.422493,0.56835705,Male,Standard,Quarterly
39.39283,31.03365,15.792723,3.614366,13.021154,631.25665,14.418829,0.5687481,Male,Standard,Quarterly
39.39285,31.033537,15.792657,3.6143785,13.021333,631.2566,14.418708,0.568761,Male,Standard,Quarterly
39.39276,31.034016,15.792937,3.614325,13.020568,631.2568,14.419221,0.56870615,Male,Standard,Quarterly
39.39283,31.033646,15.792721,3.614366,13.021158,631.25665,14.418824,0.5687485,Male,Standard,Quarterly
39.393097,31.0322,15.791872,3.6145287,13.023471,631.25616,14.417272,0.5689142,Male,Standard,Quarterly
39.392803,31.033775,15.792795,3.6143517,13.020952,631.25665,14.418963,0.5687337,Male,Standard,Quarterly
39.392754,31.03405,15.792957,3.6143203,13.020509,631.2568,14.419261,0.5687019,Male,Standard,Quarterly
39.392395,31.036003,15.794104,3.6141005,13.0173855,631.2574,14.421359,0.568478,Male,Standard,Quarterly
39.392994,31.032757,15.792197,3.6144662,13.022583,631.2564,14.417868,0.5688505,Male,Standard,Quarterly
39.393097,31.0322,15.791872,3.6145287,13.023471,631.25616,14.417272,0.5689142,Male,Standard,Quarterly
39.392708,31.03432,15.793117,3.61429,13.020077,631.25684,14.419552,0.5686709,Male,Standard,Quarterly
39.392006,31.03812,15.795348,3.613862,13.013995,631.258,14.4236355,0.5682351,Male,Standard,Quarterly
39.392517,31.03532,15.793703,3.6141775,13.018478,631.25714,14.420625,0.56855637,Male,Standard,Quarterly
39.392036,31.037933,15.795239,3.6138825,13.01429,631.2579,14.423437,0.5682562,Male,Standard,Quarterly
39.392044,31.037916,15.795229,3.6138844,13.014321,631.2579,14.423416,0.56825846,Male,Standard,Quarterly
39.392708,31.034315,15.793112,3.6142907,13.02009,631.25684,14.419542,0.56867194,Male,Standard,Quarterly
39.392426,31.035845,15.794012,3.614118,13.017635,631.2573,14.421192,0.5684959,Male,Standard,Quarterly
39.392498,31.03545,15.79378,3.6141622,13.018266,631.25714,14.420767,0.56854117,Male,Standard,Quarterly
39.39279,31.033844,15.792837,3.6143434,13.020839,631.25665,14.419039,0.56872565,Male,Standard,Quarterly
39.391884,31.038755,15.795722,3.6137903,13.012975,631.2582,14.42432,0.5681619,Male,Standard,Quarterly
39.391315,31.041822,15.797524,3.6134443,13.008063,631.2591,14.427619,0.5678097,Male,Standard,Quarterly
39.392467,31.035599,15.793867,3.6141458,13.018031,631.2572,14.420925,0.5685243,Male,Standard,Quarterly
39.392876,31.033396,15.792572,3.6143947,13.021562,631.25653,14.418553,0.5687773,Male,Standard,Quarterly
39.393097,31.0322,15.791872,3.6145287,13.023471,631.25616,14.417272,0.5689142,Male,Standard,Quarterly
39.39363,31.03745,15.793659,3.6140575,13.012561,631.3226,14.42604,0.5684528,Male,Standard,Quarterly
39.392254,31.036758,15.79455,3.6140153,13.016174,631.25757,14.422173,0.56839126,Male,Standard,Quarterly
39.392227,31.036913,15.79464,3.613998,13.015926,631.2576,14.4223385,0.5683735,Male,Standard,Quarterly
39.392185,31.03713,15.794767,3.6139731,13.015578,631.2577,14.422572,0.5683485,Male,Standard,Quarterly
39.39249,31.035486,15.793799,3.614159,13.018217,631.2572,14.420801,0.5685376,Male,Standard,Quarterly
39.39212,31.037483,15.794973,3.6139336,13.015016,631.2578,14.42295,0.5683082,Male,Standard,Quarterly
39.391922,31.038572,15.795614,3.6138108,13.013269,631.2581,14.424125,0.56818295,Male,Standard,Quarterly
39.39206,31.037825,15.795174,3.6138952,13.014469,631.2579,14.423317,0.568269,Male,Standard,Quarterly
39.39267,31.034508,15.793225,3.6142693,13.01978,631.2569,14.419749,0.5686497,Male,Standard,Quarterly
39.392467,31.03563,15.793888,3.6141422,13.017979,631.25726,14.420959,0.56852067,Male,Standard,Quarterly
39.392178,31.037176,15.794793,3.613968,13.015506,631.2577,14.422623,0.5683433,Male,Standard,Quarterly
39.392666,31.034536,15.793243,3.614266,13.019735,631.2569,14.419781,0.5686465,Male,Standard,Quarterly
39.39232,31.036417,15.794348,3.614054,13.016723,631.25745,14.421803,0.5684306,Male,Standard,Quarterly
39.39232,31.03641,15.794344,3.6140547,13.016733,631.25745,14.421796,0.5684314,Male,Standard,Quarterly
39.391506,31.04083,15.79694,3.6135564,13.009651,631.2587,14.426552,0.5679237,Male,Standard,Quarterly
39.393097,31.0322,15.791872,3.6145287,13.023471,631.25616,14.417272,0.5689142,Male,Standard,Quarterly
39.392513,31.035355,15.793725,3.614173,13.018417,631.25714,14.420665,0.568552,Male,Standard,Quarterly
39.392708,31.034311,15.793112,3.6142912,13.020093,631.25684,14.419541,0.56867206,Male,Standard,Quarterly
39.39285,31.03353,15.79265,3.6143794,13.021346,631.2566,14.418698,0.56876194,Male,Standard,Quarterly
39.39302,31.032623,15.792118,3.6144814,13.022799,631.2563,14.417724,0.568866,Male,Standard,Quarterly
39.39103,31.043386,15.798443,3.6132681,13.005559,631.2596,14.429303,0.5676301,Male,Standard,Quarterly
39.392277,31.036633,15.794476,3.614029,13.016376,631.2575,14.422038,0.5684056,Male,Standard,Quarterly
39.393097,31.0322,15.791872,3.6145287,13.023471,631.25616,14.417272,0.5689142,Male,Standard,Quarterly
39.392933,31.033077,15.792384,3.6144302,13.022071,631.2565,14.418212,0.56881386,Male,Standard,Quarterly
39.393066,31.032356,15.791964,3.6145113,13.023222,631.2562,14.417439,0.5688963,Male,Standard,Quarterly
39.3926,31.034891,15.793452,3.6142256,13.019164,631.257,14.420164,0.5686056,Male,Standard,Quarterly
39.39306,31.032404,15.79199,3.6145062,13.0231495,631.2562,14.417487,0.5688911,Male,Standard,Quarterly
39.39289,31.033304,15.792519,3.6144044,13.021706,631.25653,14.418457,0.5687877,Male,Standard,Quarterly
39.392548,31.035183,15.793623,3.614193,13.018697,631.2571,14.420477,0.5685721,Male,Standard,Quarterly
39.392452,31.035704,15.793927,3.6141343,13.017866,631.25726,14.421036,0.5685125,Male,Standard,Quarterly
39.39164,31.040085,15.796501,3.6136403,13.01085,631.25854,14.425749,0.56800944,Male,Standard,Quarterly
39.392815,31.033737,15.792773,3.6143556,13.021011,631.25665,14.418924,0.568738,Male,Standard,Quarterly
39.391693,31.03979,15.79633,3.6136734,13.011317,631.2585,14.425434,0.56804305,Male,Standard,Quarterly
39.392803,31.0338,15.79281,3.6143484,13.02091,631.25665,14.418991,0.56873065,Male,Standard,Quarterly
39.393097,31.0322,15.791872,3.6145287,13.023471,631.25616,14.417272,0.5689142,Male,Standard,Quarterly
39.39227,31.03667,15.794497,3.614025,13.016316,631.2575,14.422077,0.5684014,Male,Standard,Quarterly
39.393097,31.0322,15.791872,3.6145287,13.023471,631.25616,14.417272,0.5689142,Male,Standard,Quarterly
39.393097,31.0322,15.791872,3.6145287,13.023471,631.25616,14.417272,0.5689142,Male,Standard,Quarterly
39.392372,31.036133,15.79418,3.614086,13.017178,631.2574,14.421497,0.56846327,Male,Standard,Quarterly
39.392235,31.03686,15.794608,3.6140037,13.016012,631.25757,14.422281,0.56837964,Male,Standard,Quarterly
39.392616,31.034803,15.793399,3.6142359,13.019307,631.25696,14.420067,0.56861585,Male,Standard,Quarterly
39.393097,31.0322,15.791872,3.6145287,13.023471,631.25616,14.417272,0.5689142,Male,Standard,Quarterly
39.391647,31.04005,15.796482,3.6136441,13.010901,631.25854,14.425713,0.56801325,Male,Standard,Quarterly
39.392227,31.03691,15.794638,3.6139984,13.015934,631.2576,14.422334,0.568374,Male,Standard,Quarterly
39.39246,31.03564,15.793891,3.6141415,13.017965,631.25726,14.420968,0.5685197,Male,Standard,Quarterly
39.392433,31.035791,15.793982,3.6141243,13.017722,631.2573,14.421133,0.56850225,Male,Standard,Quarterly
39.3924,31.035975,15.794088,3.6141038,13.01743,631.2574,14.421329,0.56848127,Male,Standard,Quarterly
39.391853,31.03891,15.795815,3.6137724,13.012725,631.25824,14.424489,0.56814396,Male,Standard,Quarterly
39.392376,31.0361,15.794163,3.6140893,13.017223,631.2574,14.421468,0.56846654,Male,Standard,Quarterly
39.393097,31.0322,15.791872,3.6145287,13.023471,631.25616,14.417272,0.5689142,Male,Standard,Quarterly
39.393097,31.0322,15.791872,3.6145287,13.023471,631.25616,14.417272,0.5689142,Male,Standard,Quarterly
39.39263,31.034721,15.793352,3.6142447,13.019437,631.25696,14.419981,0.5686251,Male,Standard,Quarterly
39.39226,31.036726,15.794529,3.6140192,13.016228,631.25757,14.422136,0.568395,Male,Standard,Quarterly
39.391914,31.0386,15.79563,3.613808,13.013225,631.2581,14.424152,0.56817985,Male,Standard,Quarterly
39.39218,31.037163,15.794786,3.6139693,13.015528,631.2577,14.422606,0.5683449,Male,Standard,Quarterly
39.39211,31.037558,15.795016,3.6139255,13.014899,631.2578,14.423028,0.56829983,Male,Standard,Quarterly
39.392677,31.034475,15.793207,3.6142726,13.019832,631.2569,14.419716,0.5686534,Male,Standard,Quarterly
39.393097,31.0322,15.791872,3.6145287,13.023471,631.25616,14.417272,0.5689142,Male,Standard,Quarterly
39.392372,31.036112,15.794169,3.6140883,13.017209,631.2574,14.421476,0.5684654,Male,Standard,Quarterly
39.392685,31.03443,15.79318,3.6142776,13.019903,631.2569,14.419667,0.56865853,Male,Standard,Quarterly
39.39283,31.033646,15.792721,3.614366,13.021154,631.25665,14.418826,0.56874824,Male,Standard,Quarterly
39.39224,31.036846,15.7946,3.6140056,13.016033,631.25757,14.422267,0.5683812,Male,Standard,Quarterly
39.39144,31.041159,15.7971325,3.6135197,13.009133,631.2589,14.426902,0.56788635,Male,Standard,Quarterly
39.393097,31.0322,15.791872,3.6145287,13.023471,631.25616,14.417272,0.5689142,Male,Standard,Quarterly
39.393097,31.0322,15.791872,3.6145287,13.023471,631.25616,14.417272,0.5689142,Male,Standard,Quarterly
39.39239,31.036013,15.79411,3.6140993,13.017368,631.2574,14.42137,0.56847686,Male,Standard,Quarterly
39.392036,31.037933,15.795239,3.6138825,13.01429,631.2579,14.423437,0.5682562,Male,Standard,Quarterly
39.392548,31.035183,15.793623,3.614193,13.018697,631.2571,14.420478,0.56857204,Male,Standard,Quarterly
39.39267,31.0345,15.793222,3.6142695,13.019787,631.2569,14.419745,0.5686502,Male,Standard,Quarterly
39.392475,31.035566,15.793848,3.6141496,13.018085,631.2572,14.42089,0.5685281,Male,Standard,Quarterly
39.393097,31.0322,15.791872,3.6145287,13.023471,631.25616,14.417272,0.5689142,Male,Standard,Quarterly
39.39279,31.033861,15.792847,3.6143417,13.020812,631.25665,14.419057,0.5687236,Male,Standard,Quarterly
39.392185,31.03713,15.794767,3.6139731,13.015578,631.2577,14.422572,0.5683485,Male,Standard,Quarterly
39.392677,31.034475,15.793208,3.6142726,13.019829,631.2569,14.419718,0.5686532,Male,Standard,Quarterly
39.392643,31.034676,15.793324,3.6142502,13.019512,631.2569,14.4199295,0.5686305,Male,Standard,Quarterly
39.39253,31.035284,15.793682,3.6141815,13.018536,631.25714,14.420586,0.5685605,Male,Standard,Quarterly
39.392296,31.036533,15.794416,3.6140409,13.016534,631.2575,14.42193,0.56841713,Male,Standard,Quarterly
39.39212,31.03748,15.794973,3.6139336,13.015018,631.2578,14.422949,0.5683084,Male,Standard,Quarterly
39.393097,31.0322,15.791872,3.6145287,13.023471,631.25616,14.417272,0.5689142,Male,Standard,Quarterly
39.3914,31.041386,15.797269,3.6134934,13.008762,631.259,14.427151,0.5678598,Male,Standard,Quarterly
39.393097,31.0322,15.791872,3.6145287,13.023471,631.25616,14.417272,0.5689142,Male,Standard,Quarterly
39.39201,31.03808,15.795326,3.6138659,13.014055,631.25793,14.423594,0.5682394,Male,Standard,Quarterly
39.391647,31.040047,15.79648,3.6136448,13.010909,631.25854,14.425709,0.5680138,Male,Standard,Quarterly
39.39174,31.03956,15.796194,3.6136997,13.011689,631.25836,14.425185,0.5680697,Male,Standard,Quarterly
39.392143,31.037355,15.794901,3.6139479,13.015218,631.25775,14.422815,0.56832266,Male,Standard,Quarterly
39.3926,31.034895,15.793454,3.6142251,13.019158,631.257,14.420168,0.5686051,Male,Standard,Quarterly
39.392696,31.03436,15.793139,3.6142855,13.020015,631.25684,14.419593,0.5686665,Male,Standard,Quarterly
39.392582,31.03499,15.7935095,3.6142147,13.019007,631.257,14.42027,0.5685943,Male,Standard,Quarterly
39.392582,31.034996,15.793512,3.614214,13.018997,631.257,14.420276,0.5685936,Male,Standard,Quarterly
39.393097,31.0322,15.791872,3.6145287,13.023471,631.25616,14.417272,0.5689142,Male,Standard,Quarterly
39.393097,31.0322,15.791872,3.6145287,13.023471,631.25616,14.417272,0.5689142,Male,Standard,Quarterly
39.391354,31.04164,15.797416,3.6134648,13.008358,631.25903,14.427423,0.5678309,Male,Standard,Quarterly
39.39292,31.033144,15.792425,3.6144228,13.021963,631.2565,14.418284,0.56880605,Male,Standard,Quarterly
39.39225,31.036787,15.794565,3.614012,13.016128,631.25757,14.422202,0.5683879,Male,Standard,Quarterly
39.391968,31.03831,15.795459,3.6138403,13.013691,631.258,14.42384,0.5682132,Male,Standard,Quarterly
39.39226,31.036716,15.794524,3.6140203,13.016241,631.25757,14.422128,0.56839603,Male,Standard,Quarterly
39.39218,31.037146,15.794776,3.6139717,13.015554,631.2577,14.422586,0.56834686,Male,Standard,Quarterly
39.39253,31.03527,15.7936735,3.614183,13.01856,631.25714,14.42057,0.5685623,Male,Standard,Quarterly
39.392883,31.033354,15.79255,3.614399,13.021624,631.25653,14.418511,0.5687818,Male,Standard,Quarterly
39.392914,31.03319,15.792451,3.6144176,13.0218935,631.2565,14.418331,0.56880105,Male,Standard,Quarterly
39.39717,31.03094,15.790636,3.6162117,13.024894,631.18304,14.417977,0.56885195,Male,Standard,Quarterly
39.392952,31.032978,15.792329,3.6144414,13.022227,631.2565,14.418106,0.56882507,Male,Standard,Quarterly
39.393097,31.0322,15.791872,3.6145287,13.023471,631.25616,14.417272,0.5689142,Male,Standard,Quarterly
39.39291,31.033203,15.792459,3.6144164,13.021872,631.2565,14.418346,0.56879956,Male,Standard,Quarterly
39.39196,31.038363,15.79549,3.6138346,13.013611,631.258,14.423894,0.56820744,Male,Standard,Quarterly
39.393097,31.0322,15.791872,3.6145287,13.023471,631.25616,14.417272,0.5689142,Male,Standard,Quarterly
39.392223,31.03692,15.794645,3.6139965,13.015913,631.2576,14.422347,0.5683725,Male,Standard,Quarterly
39.39263,31.034721,15.793352,3.6142447,13.019435,631.25696,14.419982,0.5686249,Male,Standard,Quarterly
39.39268,31.034454,15.793197,3.6142752,13.019863,631.2569,14.419695,0.56865555,Male,Standard,Quarterly
39.392498,31.03545,15.79378,3.6141622,13.018266,631.25714,14.420767,0.5685413,Male,Standard,Quarterly
39.393044,31.032495,15.792044,3.614496,13.023002,631.2563,14.417585,0.5688806,Male,Standard,Quarterly
39.392574,31.035017,15.793525,3.6142113,13.018965,631.257,14.420298,0.5685913,Male,Standard,Quarterly
39.392265,31.0367,15.794514,3.6140223,13.016271,631.25757,14.422107,0.5683981,Male,Standard,Quarterly
39.392258,31.036741,15.794538,3.614017,13.016202,631.25757,14.4221525,0.56839323,Male,Standard,Quarterly
39.39175,31.03948,15.796147,3.6137085,13.011818,631.25836,14.4250965,0.568079,Male,Standard,Quarterly
39.39284,31.03359,15.792686,3.614373,13.021252,631.2566,14.418762,0.56875515,Male,Standard,Quarterly
39.39264,31.034683,15.793327,3.6142495,13.0195,631.2569,14.419938,0.5686297,Male,Standard,Quarterly
39.392296,31.03652,15.794408,3.614042,13.016558,631.2575,14.421914,0.5684187,Male,Standard,Quarterly
39.393024,31.04427,15.797101,3.6133413,13.000554,631.35284,14.434732,0.56773144,Male,Standard,Quarterly
39.392834,31.033642,15.792719,3.6143665,13.021163,631.25665,14.418823,0.5687487,Male,Standard,Quarterly
39.392925,31.03314,15.792422,3.6144233,13.021971,631.2565,14.418279,0.56880677,Male,Standard,Quarterly
39.393097,31.0322,15.791872,3.6145287,13.023471,631.25616,14.417272,0.5689142,Male,Standard,Quarterly
39.392426,31.03583,15.7940035,3.61412,13.017662,631.2573,14.421174,0.56849784,Male,Standard,Quarterly
39.393097,31.0322,15.791872,3.6145287,13.023471,631.25616,14.417272,0.5689142,Male,Standard,Quarterly
39.39239,31.036026,15.794118,3.614098,13.017347,631.2574,14.421385,0.56847537,Male,Standard,Quarterly
39.3926,31.034899,15.793455,3.614225,13.019153,631.257,14.420172,0.56860477,Male,Standard,Quarterly
39.393097,31.0322,15.791872,3.6145287,13.023471,631.25616,14.417272,0.5689142,Male,Standard,Quarterly
39.391922,31.038567,15.795611,3.6138115,13.01328,631.2581,14.424115,0.5681837,Male,Standard,Quarterly
39.393097,31.0322,15.791872,3.6145287,13.023471,631.25616,14.417272,0.5689142,Male,Standard,Quarterly
39.391632,31.040123,15.796524,3.6136365,13.01079,631.2586,14.425789,0.5680052,Male,Standard,Quarterly
39.391815,31.039125,15.795939,3.6137483,13.012381,631.25824,14.424721,0.56811935,Male,Standard,Quarterly
39.392803,31.0338,15.79281,3.6143484,13.020912,631.25665,14.41899,0.5687308,Male,Standard,Quarterly
39.39273,31.034199,15.793044,3.6143038,13.020275,631.25684,14.419418,0.5686851,Male,Standard,Quarterly
39.392082,31.037697,15.795099,3.6139095,13.014672,631.2578,14.423182,0.5682836,Male,Standard,Quarterly
39.393097,31.0322,15.791872,3.6145287,13.023471,631.25616,14.417272,0.5689142,Male,Standard,Quarterly
39.393097,31.0322,15.791872,3.6145287,13.023471,631.25616,14.417272,0.5689142,Male,Standard,Quarterly
39.393036,31.032536,15.792066,3.6144912,13.02294,631.2563,14.417628,0.5688761,Male,Standard,Quarterly
39.393097,31.0322,15.791872,3.6145287,13.023471,631.25616,14.417272,0.5689142,Male,Standard,Quarterly
39.39274,31.034142,15.793012,3.61431,13.020365,631.25684,14.419357,0.56869155,Male,Standard,Quarterly
39.39234,31.036287,15.794271,3.6140685,13.016931,631.2574,14.421663,0.5684455,Male,Standard,Quarterly
39.39187,31.038843,15.7957735,3.61378,13.0128355,631.2582,14.424416,0.56815195,Male,Standard,Quarterly
39.392,31.03815,15.795365,3.6138582,13.013948,631.258,14.423667,0.5682317,Male,Standard,Quarterly
39.392887,31.033333,15.792538,3.6144013,13.021657,631.25653,14.41849,0.5687842,Male,Standard,Quarterly
39.39187,31.038834,15.795769,3.613781,13.012849,631.2582,14.424405,0.5681529,Male,Standard,Quarterly
39.392235,31.036879,15.794617,3.6140018,13.0159855,631.2576,14.422299,0.5683777,Male,Standard,Quarterly
39.392906,31.033232,15.792476,3.6144133,13.021825,631.2565,14.418376,0.5687962,Male,Standard,Quarterly
39.393097,31.0322,15.791872,3.6145287,13.023471,631.25616,14.417272,0.5689142,Male,Standard,Quarterly
39.392544,31.035196,15.793631,3.6141915,13.018677,631.2571,14.42049,0.5685706,Male,Standard,Quarterly
39.391342,31.041689,15.797445,3.6134596,13.008278,631.25903,14.427475,0.56782514,Male,Standard,Quarterly
39.39561,31.035683,15.791195,3.6143897,13.012639,631.39343,14.427573,0.5688112,Male,Standard,Quarterly
39.392445,31.035725,15.793943,3.6141315,13.017827,631.2573,14.4210615,0.56850976,Male,Standard,Quarterly
39.3926,31.034859,15.793433,3.6142292,13.019213,631.25696,14.420132,0.56860906,Male,Standard,Quarterly
39.393063,31.032373,15.791971,3.61451,13.0232,631.2562,14.417454,0.56889474,Male,Standard,Quarterly
39.392254,31.036772,15.794555,3.6140141,13.016155,631.25757,14.422184,0.56838995,Male,Standard,Quarterly
39.39184,31.038992,15.795862,3.6137638,13.012598,631.25824,14.424576,0.5681349,Male,Standard,Quarterly
39.393097,31.0322,15.791872,3.6145287,13.023471,631.25616,14.417272,0.5689142,Male,Standard,Quarterly
39.391937,31.038479,15.795559,3.6138215,13.013422,631.2581,14.424022,0.568194,Male,Standard,Quarterly
39.39272,31.03424,15.79307,3.614299,13.020205,631.25684,14.419466,0.5686801,Male,Standard,Quarterly
39.392673,31.034487,15.793214,3.6142712,13.019813,631.2569,14.419728,0.56865203,Male,Standard,Quarterly
39.392403,31.035963,15.794082,3.614105,13.017449,631.2573,14.421316,0.5684827,Male,Standard,Quarterly
39.39287,31.033403,15.79258,3.6143935,13.021545,631.25653,14.418566,0.5687762,Male,Standard,Quarterly
39.393097,31.0322,15.791872,3.6145287,13.023471,631.25616,14.417272,0.5689142,Male,Standard,Quarterly
39.392574,31.035011,15.793521,3.614212,13.018972,631.257,14.420293,0.56859183,Male,Standard,Quarterly
39.393097,31.0322,15.791872,3.6145287,13.023471,631.25616,14.417272,0.5689142,Male,Standard,Quarterly
39.39367,31.041231,15.795248,3.6136901,13.005282,631.35547,14.431635,0.5680879,Male,Standard,Quarterly
39.39267,31.034525,15.793236,3.614267,13.019753,631.2569,14.419769,0.5686477,Male,Standard,Quarterly
39.392372,31.036133,15.79418,3.6140857,13.017178,631.2574,14.421497,0.5684632,Male,Standard,Quarterly
39.39226,31.036716,15.794524,3.6140203,13.016244,631.25757,14.422125,0.5683963,Male,Standard,Quarterly
39.391483,31.04093,15.796999,3.613545,13.009497,631.25885,14.426656,0.5679126,Male,Standard,Quarterly
39.393097,31.0322,15.791872,3.6145287,13.023471,631.25616,14.417272,0.5689142,Male,Standard,Quarterly
39.392735,31.034163,15.793025,3.6143074,13.020328,631.25684,14.419383,0.568689,Male,Standard,Quarterly
39.391857,31.0389,15.795807,3.6137736,13.012744,631.25824,14.424478,0.5681453,Male,Standard,Quarterly
39.39282,31.033709,15.792757,3.6143591,13.021059,631.25665,14.418891,0.5687413,Male,Standard,Quarterly
39.392994,31.03275,15.792193,3.6144671,13.022596,631.2564,14.417859,0.5688515,Male,Standard,Quarterly
39.393097,31.0322,15.791872,3.6145287,13.023471,631.25616,14.417272,0.5689142,Male,Standard,Quarterly
39.391884,31.038767,15.795729,3.6137888,13.01296,631.2582,14.424331,0.56816083,Male,Standard,Quarterly
39.393097,31.0322,15.791872,3.6145287,13.023471,631.25616,14.417272,0.5689142,Male,Standard,Quarterly
39.39302,31.03262,15.792116,3.6144817,13.022801,631.2563,14.417722,0.5688662,Male,Standard,Quarterly
39.392796,31.033821,15.792823,3.614346,13.020876,631.25665,14.419016,0.56872815,Male,Standard,Quarterly
39.391884,31.038767,15.795729,3.6137886,13.012958,631.2582,14.424333,0.56816065,Male,Standard,Quarterly
39.392223,31.036913,15.79464,3.613998,13.015924,631.2576,14.422339,0.5683734,Male,Standard,Quarterly
39.392456,31.035666,15.793905,3.6141386,13.017927,631.25726,14.420995,0.56851685,Male,Standard,Quarterly
39.392586,31.038355,15.794946,3.6138856,13.012572,631.2851,14.425192,0.56826687,Male,Standard,Quarterly
39.392708,31.0343,15.793105,3.6142921,13.020108,631.25684,14.419531,0.56867325,Male,Standard,Quarterly
39.39296,31.03294,15.792306,3.6144457,13.022289,631.2565,14.418065,0.5688294,Male,Standard,Quarterly
39.391632,31.040117,15.796524,3.6136365,13.010793,631.2586,14.425787,0.5680054,Male,Standard,Quarterly
39.3915,31.040852,15.796954,3.613554,13.009619,631.2588,14.426576,0.5679212,Male,Standard,Quarterly
39.39275,31.034058,15.792963,3.6143198,13.020498,631.2568,14.419267,0.5687012,Male,Standard,Quarterly
39.391834,31.039043,15.795891,3.6137576,13.012515,631.25824,14.42463,0.5681289,Male,Standard,Quarterly
39.392532,31.035261,15.793668,3.614184,13.018574,631.25714,14.420561,0.56856316,Male,Standard,Quarterly
39.391895,31.038689,15.795682,3.6137981,13.013084,631.2582,14.424246,0.5681697,Male,Standard,Quarterly
39.392544,31.035194,15.793629,3.6141915,13.018681,631.2571,14.420487,0.568571,Male,Standard,Quarterly
39.393097,31.0322,15.791872,3.6145287,13.023471,631.25616,14.417272,0.5689142,Male,Standard,Quarterly
39.391357,31.041605,15.797395,3.6134694,13.008416,631.25903,14.427383,0.56783503,Male,Standard,Quarterly
39.3926,31.0349,15.793457,3.6142244,13.019151,631.257,14.420173,0.5686046,Male,Standard,Quarterly
39.392784,31.03389,15.792861,3.6143394,13.020773,631.25665,14.419084,0.5687208,Male,Standard,Quarterly
39.39237,31.036154,15.794195,3.6140833,13.01714,631.2574,14.421524,0.56846046,Male,Standard,Quarterly
39.392952,31.032974,15.792325,3.614442,13.022236,631.2565,14.4181,0.5688256,Male,Standard,Quarterly
39.39219,31.03712,15.794761,3.613974,13.015592,631.2577,14.422564,0.56834954,Male,Standard,Quarterly
39.392765,31.033998,15.792927,3.6143267,13.0205965,631.2568,14.419202,0.5687082,Male,Standard,Quarterly
39.3925,31.03542,15.793761,3.614166,13.01832,631.25714,14.420732,0.56854504,Male,Standard,Quarterly
39.393097,31.0322,15.791872,3.6145287,13.023471,631.25616,14.417272,0.5689142,Male,Standard,Quarterly
39.392628,31.03475,15.793369,3.6142416,13.01939,631.25696,14.420012,0.56862164,Male,Standard,Quarterly
39.392303,31.036505,15.794399,3.614044,13.016583,631.2575,14.421899,0.56842047,Male,Standard,Quarterly
39.39182,31.039122,15.795938,3.6137488,13.012388,631.25824,14.424714,0.5681199,Male,Standard,Quarterly
39.3926,31.034883,15.793447,3.6142268,13.019178,631.25696,14.420156,0.56860656,Male,Standard,Quarterly
39.393097,31.0322,15.791872,3.6145287,13.023471,631.25616,14.417272,0.5689142,Male,Standard,Quarterly
39.3929,31.033274,15.7925,3.6144085,13.02176,631.25653,14.41842,0.5687915,Male,Standard,Quarterly
39.39234,31.036276,15.794265,3.6140695,13.016947,631.2574,14.421654,0.56844664,Male,Standard,Quarterly
39.393097,31.0322,15.791872,3.6145287,13.023471,631.25616,14.417272,0.5689142,Male,Standard,Quarterly
39.392574,31.035011,15.793523,3.614212,13.01897,631.257,14.420295,0.56859165,Male,Standard,Quarterly
39.391357,31.041605,15.797395,3.6134694,13.008416,631.25903,14.4273815,0.56783503,Male,Standard,Quarterly
39.391632,31.040134,15.796533,3.6136346,13.010767,631.2586,14.425805,0.5680036,Male,Standard,Quarterly
39.39198,31.038239,15.795418,3.6138484,13.013804,631.258,14.423765,0.56822133,Male,Standard,Quarterly
39.392918,31.033154,15.792431,3.6144214,13.021946,631.2565,14.418296,0.56880486,Male,Standard,Quarterly
39.393097,31.0322,15.791872,3.6145287,13.023471,631.25616,14.417272,0.5689142,Male,Standard,Quarterly
39.391693,31.0398,15.796335,3.6136723,13.011304,631.2585,14.425443,0.5680421,Male,Standard,Quarterly
39.39266,31.034565,15.793261,3.6142626,13.019686,631.2569,14.419813,0.5686429,Male,Standard,Quarterly
39.39172,31.039642,15.796242,3.6136901,13.011557,631.2584,14.425273,0.5680602,Male,Standard,Quarterly
39.392433,31.035791,15.793982,3.6141243,13.01772,631.2573,14.421133,0.5685021,Male,Standard,Quarterly
39.393097,31.0322,15.791872,3.6145287,13.023471,631.25616,14.417272,0.5689142,Male,Standard,Quarterly
39.39199,31.038187,15.795388,3.6138546,13.013889,631.258,14.423707,0.5682274,Male,Standard,Quarterly
39.392807,31.033773,15.792793,3.614352,13.020958,631.25665,14.41896,0.5687341,Male,Standard,Quarterly
39.392967,31.032911,15.792287,3.614449,13.022338,631.2564,14.418032,0.56883293,Male,Standard,Quarterly
39.39237,31.036154,15.794195,3.6140833,13.01714,631.2574,14.421524,0.5684605,Male,Standard,Quarterly
39.39256,31.035109,15.79358,3.614201,13.018816,631.257,14.420399,0.56858057,Male,Standard,Quarterly
39.392574,31.035036,15.793537,3.6142097,13.018934,631.257,14.420318,0.56858915,Male,Standard,Quarterly
39.39233,31.03635,15.79431,3.614061,13.016826,631.2574,14.421734,0.56843793,Male,Standard,Quarterly
39.392765,31.03398,15.792916,3.6143281,13.020623,631.2568,14.419184,0.56871015,Male,Standard,Quarterly
39.393097,31.0322,15.791872,3.6145287,13.023471,631.25616,14.417272,0.5689142,Male,Standard,Quarterly
39.393078,31.032316,15.79194,3.6145158,13.023283,631.2562,14.417396,0.56890076,Male,Standard,Quarterly
39.392628,31.03474,15.793364,3.6142426,13.019404,631.25696,14.420003,0.56862277,Male,Standard,Quarterly
39.39177,31.0394,15.796101,3.6137176,13.011946,631.25836,14.425012,0.5680881,Male,Standard,Quarterly
39.39265,31.034624,15.793295,3.614256,13.019594,631.2569,14.419875,0.56863636,Male,Standard,Quarterly
39.39289,31.033316,15.792525,3.6144032,13.021689,631.25653,14.4184675,0.5687865,Male,Standard,Quarterly
39.39274,31.034136,15.793008,3.614311,13.020376,631.2568,14.41935,0.5686923,Male,Standard,Quarterly
39.396202,31.036884,15.7912,3.6143193,13.009353,631.4289,14.430559,0.5687495,Male,Standard,Quarterly
39.392277,31.036633,15.794474,3.6140296,13.016378,631.2575,14.422034,0.56840587,Male,Standard,Quarterly
39.39144,31.04116,15.797134,3.6135192,13.009128,631.2589,14.426907,0.56788594,Male,Standard,Quarterly
39.393097,31.0322,15.791872,3.6145287,13.023471,631.25616,14.417272,0.5689142,Male,Standard,Quarterly
39.39207,31.037764,15.795139,3.613902,13.014566,631.2579,14.423252,0.568276,Male,Standard,Quarterly
39.393097,31.0322,15.791872,3.6145287,13.023471,631.25616,14.417272,0.5689142,Male,Standard,Quarterly
39.393097,31.0322,15.791872,3.6145287,13.023471,631.25616,14.417272,0.5689142,Male,Standard,Quarterly
39.392143,31.037355,15.794901,3.6139479,13.015218,631.25775,14.422815,0.56832266,Male,Standard,Quarterly
39.39254,31.035229,15.79365,3.6141877,13.018624,631.25714,14.420526,0.5685669,Male,Standard,Quarterly
39.392086,31.037666,15.79508,3.613913,13.014725,631.2578,14.423146,0.5682873,Male,Standard,Quarterly
39.392715,31.034275,15.793089,3.614295,13.020152,631.25684,14.419501,0.5686763,Male,Standard,Quarterly
39.393097,31.0322,15.791872,3.6145287,13.023471,631.25616,14.417272,0.5689142,Male,Standard,Quarterly
39.392033,31.03795,15.795248,3.613881,13.014269,631.25793,14.423451,0.56825465,Male,Standard,Quarterly
39.392277,31.036657,15.794489,3.6140265,13.016337,631.2575,14.422063,0.56840295,Male,Standard,Quarterly
39.39197,31.038284,15.795445,3.6138434,13.013731,631.258,14.423812,0.56821615,Male,Standard,Quarterly
39.39275,31.034075,15.792972,3.6143181,13.020475,631.2568,14.419284,0.56869954,Male,Standard,Quarterly
39.39151,31.040789,15.796916,3.6135607,13.009722,631.2587,14.426506,0.5679286,Male,Standard,Quarterly
39.391357,31.04161,15.7974,3.6134682,13.008404,631.25903,14.427391,0.56783414,Male,Standard,Quarterly
39.393097,31.0322,15.791872,3.6145287,13.023471,631.25616,14.417272,0.5689142,Male,Standard,Quarterly
39.392277,31.036634,15.794476,3.614029,13.016372,631.2575,14.422039,0.56840545,Male,Standard,Quarterly
39.391853,31.03895,15.795834,3.6137688,13.012669,631.25824,14.424526,0.56814,Male,Standard,Quarterly
39.392452,31.0357,15.793926,3.6141346,13.017869,631.25726,14.421036,0.5685127,Male,Standard,Quarterly
39.39181,31.03916,15.79596,3.6137443,13.012326,631.25824,14.424756,0.5681154,Male,Standard,Quarterly
39.39256,31.035124,15.793589,3.6141996,13.018791,631.257,14.420415,0.56857884,Male,Standard,Quarterly
39.39256,31.035105,15.793576,3.6142015,13.018823,631.257,14.420392,0.56858104,Male,Standard,Quarterly
39.392372,31.036137,15.794184,3.6140852,13.017169,631.2574,14.421503,0.56846255,Male,Standard,Quarterly
39.392296,31.036541,15.79442,3.61404,13.016523,631.2575,14.421939,0.5684163,Male,Standard,Quarterly
39.39185,31.038952,15.795837,3.6137676,13.012659,631.25824,14.424534,0.56813926,Male,Standard,Quarterly
39.392883,31.033365,15.792555,3.6143975,13.021606,631.25653,14.418524,0.5687805,Male,Standard,Quarterly
39.392555,31.03513,15.793592,3.6141992,13.018784,631.257,14.420421,0.56857824,Male,Standard,Quarterly
39.393097,31.0322,15.791872,3.6145287,13.023471,631.25616,14.417272,0.5689142,Male,Standard,Quarterly
39.39263,31.034716,15.793346,3.6142457,13.019449,631.2569,14.419973,0.56862587,Male,Standard,Quarterly
39.39248,31.035538,15.793833,3.6141527,13.0181265,631.2572,14.420861,0.5685311,Male,Standard,Quarterly
39.39137,31.04156,15.797369,3.6134741,13.008489,631.25903,14.427334,0.5678402,Male,Standard,Quarterly
39.391937,31.038479,15.795559,3.6138215,13.013419,631.2581,14.424022,0.56819385,Male,Standard,Quarterly
39.392563,31.035082,15.793563,3.6142042,13.018859,631.257,14.420369,0.5685837,Male,Standard,Quarterly
39.3914,31.04138,15.797263,3.6134944,13.008776,631.259,14.427142,0.5678608,Male,Standard,Quarterly
39.393097,31.0322,15.791872,3.6145287,13.023471,631.25616,14.417272,0.5689142,Male,Standard,Quarterly
39.39268,31.034437,15.793184,3.614277,13.019894,631.2569,14.419674,0.5686579,Male,Standard,Quarterly
39.392654,31.034603,15.7932825,3.6142583,13.019627,631.2569,14.419853,0.5686387,Male,Standard,Quarterly
39.398067,31.031908,15.79107,3.6165338,13.023169,631.16296,14.419601,0.5686823,Male,Standard,Quarterly
39.392193,31.037113,15.794757,3.6139753,13.015605,631.2577,14.422555,0.5683505,Male,Standard,Quarterly
39.392467,31.035622,15.79388,3.614143,13.017991,631.25726,14.420953,0.5685215,Male,Standard,Quarterly
39.392666,31.034529,15.793238,3.6142664,13.019747,631.2569,14.419773,0.56864727,Male,Standard,Quarterly
39.393097,31.0322,15.791872,3.6145287,13.023471,631.25616,14.417272,0.5689142,Male,Standard,Quarterly
39.391853,31.038914,15.795816,3.613772,13.012719,631.25824,14.424493,0.56814355,Male,Standard,Quarterly
39.393032,31.032557,15.79208,3.6144886,13.022903,631.2563,14.417653,0.5688735,Male,Standard,Quarterly
39.392555,31.03513,15.793592,3.6141992,13.018784,631.257,14.420419,0.56857824,Male,Standard,Quarterly
39.392956,31.03295,15.792313,3.6144445,13.02227,631.2565,14.418078,0.5688281,Male,Standard,Quarterly
39.392666,31.034529,15.793238,3.6142669,13.019749,631.2569,14.419772,0.5686473,Male,Standard,Quarterly
39.39254,31.035204,15.793637,3.61419,13.0186615,631.2571,14.420502,0.5685695,Male,Standard,Quarterly
39.392708,31.034296,15.793103,3.6142926,13.020117,631.25684,14.419524,0.56867385,Male,Standard,Quarterly
39.392414,31.035892,15.79404,3.6141129,13.017559,631.2573,14.421242,0.56849056,Male,Standard,Quarterly
39.39202,31.03801,15.795282,3.6138744,13.014172,631.25793,14.423517,0.56824774,Male,Standard,Quarterly
39.392525,31.035288,15.793686,3.614181,13.018528,631.25714,14.420591,0.56856,Male,Standard,Quarterly
39.392807,31.033758,15.792787,3.6143532,13.020977,631.25665,14.418945,0.5687355,Male,Standard,Quarterly
39.392826,31.033674,15.792735,3.6143632,13.021118,631.25665,14.418852,0.56874555,Male,Standard,Quarterly
39.392277,31.036634,15.794476,3.614029,13.016374,631.2575,14.422039,0.56840545,Male,Standard,Quarterly
39.393097,31.0322,15.791872,3.6145287,13.023471,631.25616,14.417272,0.5689142,Male,Standard,Quarterly
39.39227,31.03667,15.794497,3.614025,13.016314,631.2575,14.422077,0.5684013,Male,Standard,Quarterly
39.393097,31.0322,15.791872,3.6145287,13.023471,631.25616,14.417272,0.5689142,Male,Standard,Quarterly
39.39251,31.035374,15.793734,3.6141717,13.0183935,631.25714,14.420681,0.56855035,Male,Standard,Quarterly
39.39309,31.032225,15.791884,3.6145267,13.0234375,631.25616,14.417295,0.5689118,Male,Standard,Quarterly
39.39294,31.033052,15.792372,3.614433,13.02211,631.2565,14.418187,0.56881666,Male,Standard,Quarterly
39.39219,31.037117,15.794759,3.6139748,13.0156,631.2577,14.422557,0.5683501,Male,Standard,Quarterly
39.393097,31.0322,15.791872,3.6145287,13.023471,631.25616,14.417272,0.5689142,Male,Standard,Quarterly
39.39157,31.040443,15.796714,3.6135998,13.010275,631.25867,14.426134,0.5679683,Male,Standard,Quarterly
39.39302,31.032602,15.792106,3.614484,13.022834,631.2563,14.417699,0.5688686,Male,Standard,Quarterly
39.393097,31.0322,15.791872,3.6145287,13.023471,631.25616,14.417272,0.5689142,Male,Standard,Quarterly
39.392628,31.03475,15.793369,3.6142418,13.019392,631.25696,14.420011,0.5686219,Male,Standard,Quarterly
39.39208,31.037716,15.79511,3.6139078,13.014644,631.2579,14.423199,0.56828165,Male,Standard,Quarterly
39.391716,31.03967,15.796261,3.613687,13.011509,631.2584,14.425305,0.5680568,Male,Standard,Quarterly
39.39302,31.03262,15.792116,3.6144817,13.022804,631.2563,14.417718,0.5688664,Male,Standard,Quarterly
39.39228,31.036617,15.794465,3.6140313,13.016403,631.2575,14.422018,0.5684076,Male,Standard,Quarterly
39.392464,31.035637,15.793889,3.6141417,13.01797,631.25726,14.420965,0.56852,Male,Standard,Quarterly
39.39154,31.04063,15.796823,3.613579,13.009978,631.2587,14.426336,0.567947,Male,Standard,Quarterly
39.392635,31.0347,15.79334,3.6142468,13.019469,631.2569,14.41996,0.56862736,Male,Standard,Quarterly
39.392887,31.03335,15.792546,3.6143994,13.021631,631.25653,14.418508,0.5687823,Male,Standard,Quarterly
39.393097,31.0322,15.791872,3.6145287,13.023471,631.25616,14.417272,0.5689142,Male,Standard,Quarterly
39.392857,31.03352,15.7926445,3.6143804,13.021362,631.2566,14.418688,0.568763,Male,Standard,Quarterly
39.391136,31.042824,15.798112,3.6133316,13.00646,631.2594,14.428697,0.5676948,Male,Standard,Quarterly
39.392868,31.03344,15.792599,3.6143894,13.021489,631.25653,14.418604,0.56877214,Male,Standard,Quarterly
39.389545,31.034258,15.793455,3.616531,13.0266695,631.2852,14.422426,0.56835175,Male,Standard,Quarterly
39.393047,31.03249,15.79204,3.614497,13.023015,631.2563,14.417579,0.5688815,Male,Standard,Quarterly
39.39279,31.033865,15.792849,3.6143413,13.020809,631.25665,14.41906,0.5687233,Male,Standard,Quarterly
39.392635,31.03469,15.793333,3.6142483,13.019486,631.2569,14.419949,0.56862867,Male,Standard,Quarterly
39.391693,31.039797,15.796333,3.6136727,13.011307,631.2585,14.425441,0.56804234,Male,Standard,Quarterly
39.392967,31.032904,15.792284,3.6144497,13.022346,631.2564,14.418027,0.5688336,Male,Standard,Quarterly
39.392475,31.03557,15.79385,3.614149,13.018077,631.2572,14.420893,0.5685277,Male,Standard,Quarterly
39.39274,31.034138,15.79301,3.6143107,13.0203705,631.2568,14.419354,0.56869197,Male,Standard,Quarterly
39.391598,31.040321,15.796639,3.6136138,13.010474,631.25867,14.426001,0.56798255,Male,Standard,Quarterly
39.391937,31.038492,15.795567,3.6138198,13.013399,631.2581,14.424036,0.5681923,Male,Standard,Quarterly
39.392887,31.033348,15.792544,3.6143997,13.021637,631.25653,14.418503,0.56878275,Male,Standard,Quarterly
39.392075,31.037722,15.7951145,3.6139069,13.014633,631.2579,14.423206,0.5682808,Male,Standard,Quarterly
39.392696,31.034378,15.79315,3.6142838,13.019991,631.25684,14.419609,0.5686647,Male,Standard,Quarterly
39.39253,31.035284,15.793682,3.6141813,13.018534,631.25714,14.420588,0.56856036,Male,Standard,Quarterly
39.39234,31.036287,15.794271,3.6140683,13.016928,631.2574,14.421666,0.56844527,Male,Standard,Quarterly
39.39211,31.037567,15.795022,3.6139245,13.014881,631.2578,14.42304,0.5682986,Male,Standard,Quarterly
39.39196,31.038359,15.795488,3.6138349,13.013613,631.258,14.423894,0.5682076,Male,Standard,Quarterly
39.391853,31.038925,15.795822,3.6137712,13.012706,631.25824,14.424501,0.56814265,Male,Standard,Quarterly
39.39215,31.037329,15.794884,3.6139512,13.015264,631.25775,14.422784,0.56832594,Male,Standard,Quarterly
39.39276,31.034008,15.792933,3.6143253,13.020578,631.2568,14.419213,0.56870687,Male,Standard,Quarterly
39.39278,31.03391,15.792876,3.614336,13.020735,631.2567,14.419109,0.568718,Male,Standard,Quarterly
39.392395,31.036003,15.794102,3.6141005,13.017388,631.2574,14.421358,0.5684782,Male,Standard,Quarterly
39.392605,31.034857,15.793431,3.6142297,13.019218,631.25696,14.420129,0.5686094,Male,Standard,Quarterly
39.39169,31.039818,15.796348,3.61367,13.011271,631.2585,14.425464,0.56803983,Male,Standard,Quarterly
39.393097,31.0322,15.791872,3.6145287,13.023471,631.25616,14.417272,0.5689142,Male,Standard,Quarterly
39.391327,31.04179,15.797505,3.6134481,13.008112,631.2591,14.427588,0.56781316,Male,Standard,Quarterly
39.393097,31.0322,15.791872,3.6145287,13.023471,631.25616,14.417272,0.5689142,Male,Standard,Quarterly
39.392365,31.036161,15.794197,3.6140828,13.017132,631.2574,14.42153,0.56845987,Male,Standard,Quarterly
39.392838,31.033596,15.79269,3.6143718,13.021238,631.2566,14.418771,0.5687542,Male,Standard,Quarterly
39.39248,31.035534,15.793829,3.6141534,13.018133,631.2572,14.420857,0.5685317,Male,Standard,Quarterly
39.391647,31.040054,15.796486,3.6136436,13.010895,631.25854,14.425718,0.56801283,Male,Standard,Quarterly
39.393097,31.0322,15.791872,3.6145287,13.023471,631.25616,14.417272,0.5689142,Male,Standard,Quarterly
39.393005,31.0327,15.792165,3.6144724,13.022672,631.25635,14.417808,0.5688569,Male,Standard,Quarterly
39.392834,31.033615,15.792702,3.6143696,13.021208,631.2566,14.418792,0.56875193,Male,Standard,Quarterly
39.39234,31.036276,15.794267,3.6140695,13.016946,631.2574,14.421654,0.5684465,Male,Standard,Quarterly
39.39292,31.03315,15.792427,3.614422,13.021955,631.2565,14.41829,0.5688055,Male,Standard,Quarterly
39.39285,31.033533,15.792654,3.6143792,13.02134,631.2566,14.418703,0.56876147,Male,Standard,Quarterly
39.392704,31.0421,15.796448,3.6135283,13.00523,631.3211,14.4309,0.567913,Male,Standard,Quarterly
39.393097,31.0322,15.791872,3.6145287,13.023471,631.25616,14.417272,0.5689142,Male,Standard,Quarterly
39.39226,31.036737,15.794536,3.6140177,13.016207,631.25757,14.422151,0.56839365,Male,Standard,Quarterly
39.392567,31.035074,15.793557,3.6142051,13.018875,631.257,14.420359,0.56858486,Male,Standard,Quarterly
39.392353,31.03622,15.794233,3.6140757,13.017033,631.2574,14.421595,0.5684528,Male,Standard,Quarterly
39.39206,31.037804,15.795163,3.6138976,13.0145,631.2579,14.423295,0.5682713,Male,Standard,Quarterly
39.39202,31.038008,15.79528,3.613875,13.014177,631.25793,14.423513,0.5682481,Male,Standard,Quarterly
39.39227,31.03668,15.794503,3.614024,13.016299,631.2575,14.42209,0.5684002,Male,Standard,Quarterly
39.39241,31.035929,15.794059,3.614109,13.017507,631.2573,14.421278,0.5684867,Male,Standard,Quarterly
39.39308,31.032286,15.791921,3.6145196,13.023338,631.2562,14.41736,0.56890464,Male,Standard,Quarterly
39.393097,31.0322,15.791872,3.6145287,13.023471,631.25616,14.417272,0.5689142,Male,Standard,Quarterly
39.393093,31.032215,15.79188,3.6145272,13.023448,631.25616,14.417286,0.56891257,Male,Standard,Quarterly
39.393097,31.0322,15.791872,3.6145287,13.023471,631.25616,14.417272,0.5689142,Male,Standard,Quarterly
39.391644,31.040056,15.796488,3.6136436,13.010891,631.25854,14.42572,0.5680125,Male,Standard,Quarterly
39.392307,31.036467,15.794377,3.6140485,13.016643,631.25745,14.421858,0.5684248,Male,Standard,Quarterly
39.392338,31.036312,15.794285,3.6140656,13.016892,631.2574,14.42169,0.56844276,Male,Standard,Quarterly
39.391792,31.039267,15.7960205,3.6137328,13.012162,631.2583,14.424867,0.5681036,Male,Standard,Quarterly
39.41415,31.028389,15.787025,3.623126,13.026382,630.8693,14.424125,0.56825244,Male,Standard,Quarterly
39.39297,31.03289,15.792276,3.6144514,13.0223675,631.2564,14.418013,0.56883514,Male,Standard,Quarterly
39.392426,31.03582,15.793997,3.614121,13.017682,631.2573,14.421159,0.56849927,Male,Standard,Quarterly
39.391644,31.040064,15.796491,3.6136427,13.010882,631.25854,14.425727,0.56801194,Male,Standard,Quarterly
39.39309,31.032236,15.791891,3.6145253,13.023417,631.25616,14.417307,0.56891036,Male,Standard,Quarterly
39.392143,31.03736,15.794901,3.6139476,13.015215,631.25775,14.422815,0.56832254,Male,Standard,Quarterly
39.39246,31.035646,15.793897,3.6141405,13.017954,631.25726,14.420978,0.56851876,Male,Standard,Quarterly
39.39238,31.036072,15.794146,3.6140924,13.017273,631.2574,14.421434,0.56847,Male,Standard,Quarterly
39.392056,31.03783,15.79518,3.6138942,13.014453,631.2579,14.423327,0.5682679,Male,Standard,Quarterly
39.39263,31.034721,15.793352,3.6142447,13.019436,631.25696,14.419981,0.56862503,Male,Standard,Quarterly
39.391983,31.038225,15.79541,3.6138496,13.013824,631.258,14.423752,0.56822276,Male,Standard,Quarterly
39.39276,31.034029,15.792944,3.614323,13.020547,631.2568,14.419234,0.5687046,Male,Standard,Quarterly
39.39289,31.033312,15.792524,3.614404,13.021694,631.25653,14.418465,0.56878686,Male,Standard,Quarterly
39.392338,31.036312,15.794287,3.6140654,13.016888,631.2574,14.421692,0.56844234,Male,Standard,Quarterly
39.393097,31.0322,15.791872,3.6145287,13.023471,631.25616,14.417272,0.5689142,Male,Standard,Quarterly
39.39232,31.036413,15.794346,3.614054,13.016726,631.25745,14.421802,0.5684307,Male,Standard,Quarterly
39.392517,31.035345,15.793718,3.6141748,13.018438,631.25714,14.420651,0.5685535,Male,Standard,Quarterly
39.392494,31.035461,15.793786,3.6141615,13.018252,631.25714,14.420777,0.56854016,Male,Standard,Quarterly
39.392002,31.03813,15.795355,3.6138606,13.013976,631.258,14.423648,0.5682336,Male,Standard,Quarterly
39.392525,31.035288,15.793684,3.614181,13.018529,631.25714,14.420591,0.56856,Male,Standard,Quarterly
39.409058,31.034832,15.783362,3.6202826,13.028786,631.0777,14.418314,0.56864923,Male,Standard,Quarterly
39.393097,31.0322,15.791872,3.6145287,13.023471,631.25616,14.417272,0.5689142,Male,Standard,Quarterly
39.392548,31.035172,15.793614,3.6141942,13.01872,631.2571,14.420464,0.56857365,Male,Standard,Quarterly
39.391663,31.039959,15.796431,3.6136544,13.011048,631.25854,14.425615,0.56802374,Male,Standard,Quarterly
39.392254,31.036758,15.794548,3.6140156,13.016179,631.25757,14.42217,0.5683916,Male,Standard,Quarterly
39.392517,31.035316,15.793701,3.614178,13.018483,631.25714,14.420621,0.5685567,Male,Standard,Quarterly
39.391888,31.03875,15.795716,3.6137912,13.012988,631.2582,14.424312,0.5681629,Male,Standard,Quarterly
39.391197,31.042486,15.797914,3.6133695,13.007002,631.2593,14.428333,0.5677336,Male,Standard,Quarterly
39.3929,31.033266,15.792497,3.614409,13.021768,631.25653,14.418416,0.5687921,Male,Standard,Quarterly
39.393097,31.0322,15.791872,3.6145287,13.023471,631.25616,14.417272,0.5689142,Male,Standard,Quarterly
39.392544,31.035196,15.793632,3.614191,13.018675,631.2571,14.420492,0.5685704,Male,Standard,Quarterly
39.392643,31.034662,15.793318,3.6142514,13.01953,631.2569,14.419919,0.56863177,Male,Standard,Quarterly
39.39257,31.03505,15.793544,3.6142082,13.018912,631.257,14.420333,0.5685875,Male,Standard,Quarterly
39.393097,31.0322,15.791872,3.6145287,13.023471,631.25616,14.417272,0.5689142,Male,Standard,Quarterly
39.39251,31.03539,15.793744,3.6141694,13.018366,631.25714,14.4207,0.56854826,Male,Standard,Quarterly
39.39248,31.035542,15.793834,3.6141524,13.018124,631.2572,14.420863,0.5685309,Male,Standard,Quarterly
39.39181,31.039171,15.795967,3.6137433,13.012309,631.25824,14.424768,0.56811416,Male,Standard,Quarterly
39.393097,31.0322,15.791872,3.6145287,13.023471,631.25616,14.417272,0.5689142,Male,Standard,Quarterly
39.39222,31.036955,15.794663,3.6139932,13.015861,631.2576,14.422382,0.5683688,Male,Standard,Quarterly
39.393097,31.0322,15.791872,3.6145287,13.023471,631.25616,14.417272,0.5689142,Male,Standard,Quarterly
39.39279,31.033867,15.7928505,3.614341,13.020804,631.25665,14.419064,0.5687231,Male,Standard,Quarterly
39.392803,31.0338,15.79281,3.6143484,13.020912,631.25665,14.418989,0.56873083,Male,Standard,Quarterly
39.392033,31.03795,15.795248,3.613881,13.014268,631.25793,14.423451,0.5682546,Male,Standard,Quarterly
39.39233,31.036343,15.794304,3.614062,13.016839,631.2574,14.421725,0.56843895,Male,Standard,Quarterly
39.392918,31.033175,15.792442,3.614419,13.021913,631.2565,14.418316,0.56880254,Male,Standard,Quarterly
39.393097,31.0322,15.791872,3.6145287,13.023471,631.25616,14.417272,0.5689142,Male,Standard,Quarterly
39.392544,31.035204,15.793633,3.6141906,13.018666,631.2571,14.420499,0.56856984,Male,Standard,Quarterly
39.392765,31.03399,15.792923,3.6143274,13.020608,631.2568,14.419194,0.56870896,Male,Standard,Quarterly
39.392876,31.033396,15.792574,3.6143944,13.021559,631.25653,14.418556,0.5687771,Male,Standard,Quarterly
39.39226,31.036716,15.794524,3.6140199,13.016239,631.25757,14.422128,0.568396,Male,Standard,Quarterly
39.391735,31.039568,15.796199,3.6136985,13.011674,631.25836,14.425194,0.5680687,Male,Standard,Quarterly
39.392586,31.034975,15.793501,3.6142163,13.019034,631.257,14.420252,0.56859624,Male,Standard,Quarterly
39.391895,31.038713,15.795697,3.6137948,13.013042,631.2582,14.424275,0.5681668,Male,Standard,Quarterly
39.39253,31.035275,15.793676,3.6141825,13.01855,631.25714,14.420575,0.56856155,Male,Standard,Quarterly
39.392593,31.03492,15.793469,3.6142225,13.019117,631.257,14.420196,0.5686022,Male,Standard,Quarterly
39.392696,31.034378,15.793148,3.6142838,13.019991,631.25684,14.419609,0.5686648,Male,Standard,Quarterly
39.393097,31.0322,15.791872,3.6145287,13.023471,631.25616,14.417272,0.5689142,Male,Standard,Quarterly
39.39268,31.034437,15.793184,3.614277,13.019893,631.2569,14.419676,0.56865776,Male,Standard,Quarterly
39.395706,31.041042,15.793407,3.6138728,13.002245,631.4419,14.4355955,0.56829786,Male,Standard,Quarterly
39.391647,31.040047,15.79648,3.6136448,13.010907,631.25854,14.42571,0.56801367,Male,Standard,Quarterly
39.393097,31.0322,15.791872,3.6145287,13.023471,631.25616,14.417272,0.5689142,Male,Standard,Quarterly
39.392654,31.034595,15.793278,3.6142588,13.019639,631.2569,14.419845,0.5686395,Male,Standard,Quarterly
39.392452,31.035683,15.793917,3.6141367,13.017896,631.25726,14.421016,0.5685147,Male,Standard,Quarterly
39.392498,31.035454,15.793782,3.6141622,13.018263,631.25714,14.420769,0.56854105,Male,Standard,Quarterly
39.39279,31.033833,15.792829,3.614345,13.020861,631.25665,14.419024,0.56872714,Male,Standard,Quarterly
39.3921,31.037575,15.795029,3.613923,13.014867,631.2578,14.423051,0.5682975,Male,Standard,Quarterly
39.392666,31.034536,15.7932415,3.614266,13.019735,631.2569,14.41978,0.5686465,Male,Standard,Quarterly
39.392513,31.035358,15.793727,3.614173,13.0184145,631.25714,14.420668,0.5685518,Male,Standard,Quarterly
39.39202,31.038008,15.79528,3.6138747,13.014175,631.25793,14.423514,0.56824803,Male,Standard,Quarterly
39.393097,31.0322,15.791872,3.6145287,13.023471,631.25616,14.417272,0.5689142,Male,Standard,Quarterly
39.39265,31.034616,15.793291,3.6142564,13.019603,631.2569,14.419869,0.56863695,Male,Standard,Quarterly
39.392193,31.0371,15.79475,3.6139765,13.015626,631.2577,14.42254,0.5683519,Male,Standard,Quarterly
39.391655,31.040009,15.796458,3.6136484,13.010967,631.25854,14.425669,0.56801796,Male,Standard,Quarterly
39.42137,31.052538,15.7691145,3.6229753,13.032499,631.165,14.415418,0.5684129,Male,Standard,Quarterly
39.392067,31.037785,15.795153,3.6138992,13.014527,631.2579,14.423277,0.5682732,Male,Standard,Quarterly
39.393097,31.0322,15.791872,3.6145287,13.023471,631.25616,14.417272,0.5689142,Male,Standard,Quarterly
39.392185,31.037138,15.794773,3.6139724,13.015565,631.2577,14.422582,0.5683476,Male,Standard,Quarterly
39.392223,31.03693,15.794648,3.613996,13.015901,631.2576,14.422356,0.5683716,Male,Standard,Quarterly
39.39209,31.037651,15.795072,3.613915,13.014748,631.2578,14.423129,0.568289,Male,Standard,Quarterly
39.392742,31.034111,15.792993,3.6143138,13.020416,631.2568,14.419323,0.5686953,Male,Standard,Quarterly
39.392643,31.034676,15.793324,3.6142502,13.019512,631.2569,14.4199295,0.5686305,Male,Standard,Quarterly
39.39212,31.03748,15.794971,3.6139343,13.015022,631.2578,14.422945,0.5683087,Male,Standard,Quarterly
39.3916,31.0403,15.796629,3.6136162,13.010502,631.25867,14.4259815,0.56798464,Male,Standard,Quarterly
39.392742,31.034124,15.792999,3.6143124,13.020394,631.2568,14.419338,0.56869376,Male,Standard,Quarterly
39.39207,31.03775,15.795131,3.6139035,13.0145855,631.2579,14.423239,0.5682774,Male,Standard,Quarterly
39.393097,31.0322,15.791872,3.6145287,13.023471,631.25616,14.417272,0.5689142,Male,Standard,Quarterly
39.391697,31.039776,15.79632,3.613675,13.011344,631.2585,14.425417,0.568045,Male,Standard,Quarterly
39.393097,31.0322,15.791872,3.6145287,13.023471,631.25616,14.417272,0.5689142,Male,Standard,Quarterly
39.39199,31.038176,15.795382,3.6138554,13.013904,631.258,14.4236965,0.56822854,Male,Standard,Quarterly
39.392338,31.036295,15.794276,3.6140678,13.016914,631.2574,14.421675,0.5684443,Male,Standard,Quarterly
39.392193,31.037092,15.794745,3.6139777,13.015639,631.2577,14.42253,0.5683529,Male,Standard,Quarterly
39.3926,31.034895,15.793454,3.6142251,13.019161,631.257,14.420168,0.56860524,Male,Standard,Quarterly
39.391968,31.038317,15.795465,3.6138396,13.013678,631.258,14.423849,0.5682122,Male,Standard,Quarterly
39.392532,31.035246,15.793659,3.6141858,13.018595,631.25714,14.420547,0.5685647,Male,Standard,Quarterly
39.393097,31.0322,15.791872,3.6145287,13.023471,631.25616,14.417272,0.5689142,Male,Standard,Quarterly
39.39178,31.039322,15.796055,3.6137261,13.012071,631.2583,14.424928,0.568097,Male,Standard,Quarterly
39.39302,31.032606,15.7921095,3.614483,13.022823,631.2563,14.417707,0.56886774,Male,Standard,Quarterly
39.392982,31.032831,15.79224,3.614458,13.022466,631.2564,14.417947,0.5688421,Male,Standard,Quarterly
39.391865,31.038862,15.795784,3.6137784,13.012809,631.25824,14.424433,0.56814986,Male,Standard,Quarterly
39.39218,31.037167,15.794788,3.613969,13.015519,631.2577,14.422611,0.56834435,Male,Standard,Quarterly
39.39299,31.032791,15.792218,3.6144626,13.022531,631.2564,14.417902,0.56884676,Male,Standard,Quarterly
39.39194,31.03845,15.795542,3.6138248,13.013468,631.25806,14.42399,0.5681972,Male,Standard,Quarterly
39.39082,31.035467,15.793774,3.6155648,13.021771,631.2872,14.4232025,0.5683647,Male,Standard,Quarterly
39.392284,31.036612,15.794463,3.6140318,13.016409,631.2575,14.422013,0.5684081,Male,Standard,Quarterly
39.392384,31.036045,15.794129,3.6140957,13.017317,631.2574,14.421405,0.56847316,Male,Standard,Quarterly
39.39199,31.03818,15.7953825,3.6138554,13.013901,631.258,14.423698,0.5682283,Male,Standard,Quarterly
39.391937,31.038464,15.79555,3.6138227,13.013443,631.2581,14.4240055,0.56819546,Male,Standard,Quarterly
39.392113,31.037535,15.795006,3.6139274,13.014926,631.2578,14.423011,0.56830174,Male,Standard,Quarterly
39.392235,31.036871,15.794616,3.6140025,13.015993,631.25757,14.422294,0.5683783,Male,Standard,Quarterly
39.393097,31.0322,15.791872,3.6145287,13.023471,631.25616,14.417272,0.5689142,Male,Standard,Quarterly
39.393097,31.0322,15.791872,3.6145287,13.023471,631.25616,14.417272,0.5689142,Male,Standard,Quarterly
39.3926,31.034866,15.793437,3.6142287,13.019204,631.25696,14.420137,0.56860846,Male,Standard,Quarterly
39.392544,31.03519,15.793627,3.6141922,13.018688,631.2571,14.420484,0.5685714,Male,Standard,Quarterly
39.391937,31.038471,15.795556,3.6138222,13.0134325,631.2581,14.424013,0.5681947,Male,Standard,Quarterly
39.392876,31.033382,15.792563,3.6143959,13.021583,631.25653,14.41854,0.5687788,Male,Standard,Quarterly
39.391354,31.041632,15.797412,3.6134658,13.008368,631.25903,14.427415,0.5678316,Male,Standard,Quarterly
39.392197,31.037067,15.794729,3.6139803,13.015679,631.2577,14.422503,0.5683558,Male,Standard,Quarterly
39.3926,31.034899,15.793455,3.6142251,13.0191555,631.257,14.42017,0.5686048,Male,Standard,Quarterly
39.391754,31.03947,15.796142,3.6137094,13.01183,631.25836,14.425091,0.5680798,Male,Standard,Quarterly
39.392113,31.037521,15.794997,3.6139293,13.01495,631.2578,14.422995,0.56830347,Male,Standard,Quarterly
39.393097,31.0322,15.791872,3.6145287,13.023471,631.25616,14.417272,0.5689142,Male,Standard,Quarterly
39.39234,31.036291,15.794273,3.6140683,13.016927,631.2574,14.421667,0.5684452,Male,Standard,Quarterly
39.3928,31.033821,15.792823,3.614346,13.020877,631.25665,14.419014,0.56872827,Male,Standard,Quarterly
39.392773,31.033949,15.792899,3.6143317,13.020672,631.2567,14.419151,0.56871355,Male,Standard,Quarterly
39.39217,31.037216,15.794816,3.6139636,13.015445,631.25775,14.422661,0.56833893,Male,Standard,Quarterly
39.392796,31.033825,15.792825,3.614346,13.02087,631.25665,14.419018,0.56872785,Male,Standard,Quarterly
39.392723,31.034224,15.793059,3.6143012,13.020236,631.25684,14.419445,0.56868225,Male,Standard,Quarterly
39.392086,31.037687,15.795096,3.6139107,13.014685,631.2578,14.423172,0.56828445,Male,Standard,Quarterly
39.39233,31.03634,15.794304,3.614062,13.016842,631.2574,14.421725,0.56843907,Male,Standard,Quarterly
39.393097,31.0322,15.791872,3.6145287,13.023471,631.25616,14.417272,0.5689142,Male,Standard,Quarterly
39.392128,31.037455,15.794956,3.613937,13.015061,631.2578,14.422918,0.56831145,Male,Standard,Quarterly
39.393097,31.0322,15.791872,3.6145287,13.023471,631.25616,14.417272,0.5689142,Male,Standard,Quarterly
39.392326,31.036383,15.794327,3.614058,13.016779,631.25745,14.421766,0.5684346,Male,Standard,Quarterly
39.392967,31.0329,15.792282,3.61445,13.022351,631.2565,14.418023,0.5688339,Male,Standard,Quarterly
39.3929,31.033257,15.792491,3.61441,13.021782,631.25653,14.418406,0.5687931,Male,Standard,Quarterly
39.393097,31.0322,15.791872,3.6145287,13.023471,631.25616,14.417272,0.5689142,Male,Standard,Quarterly
39.392887,31.033329,15.792534,3.614402,13.0216675,631.25653,14.418482,0.5687849,Male,Standard,Quarterly
39.39198,31.038239,15.79542,3.6138482,13.013802,631.258,14.423766,0.5682212,Male,Standard,Quarterly
39.3929,31.033262,15.792497,3.614409,13.021769,631.25653,14.418414,0.5687922,Male,Standard,Quarterly
39.392365,31.036167,15.794201,3.6140823,13.017124,631.2574,14.421534,0.56845933,Male,Standard,Quarterly
39.39272,31.034248,15.793074,3.614298,13.020193,631.25684,14.419473,0.56867933,Male,Standard,Quarterly
39.391098,31.043018,15.798228,3.6133096,13.006147,631.25946,14.428907,0.5676724,Male,Standard,Quarterly
39.392544,31.03519,15.793627,3.6141922,13.018689,631.2571,14.420484,0.56857145,Male,Standard,Quarterly
39.392475,31.03558,15.793857,3.614148,13.018062,631.2572,14.420905,0.56852657,Male,Standard,Quarterly
39.39155,31.040592,15.796801,3.613583,13.010036,631.25867,14.426294,0.5679512,Male,Standard,Quarterly
39.39141,31.04133,15.7972355,3.6134996,13.008851,631.2589,14.42709,0.56786627,Male,Standard,Quarterly
39.39179,31.039297,15.7960415,3.613729,13.012106,631.2583,14.424904,0.5680996,Male,Standard,Quarterly
39.39276,31.034029,15.792946,3.614323,13.020546,631.2568,14.419236,0.56870455,Male,Standard,Quarterly
39.392593,31.034933,15.793474,3.614221,13.019098,631.257,14.420207,0.5686009,Male,Standard,Quarterly
39.392887,31.033333,15.792536,3.6144016,13.021663,631.25653,14.418486,0.5687846,Male,Standard,Quarterly
39.39282,31.033703,15.792752,3.61436,13.0210705,631.25665,14.418882,0.5687422,Male,Standard,Quarterly
39.392635,31.0347,15.79334,3.6142468,13.019467,631.2569,14.41996,0.5686273,Male,Standard,Quarterly
39.391865,31.038883,15.795796,3.6137762,13.012774,631.25824,14.424456,0.5681476,Male,Standard,Quarterly
39.392426,31.035816,15.793995,3.6141217,13.017685,631.2573,14.421158,0.56849945,Male,Standard,Quarterly
39.391083,31.043095,15.798271,3.6133013,13.00603,631.2595,14.428986,0.56766385,Male,Standard,Quarterly
39.392517,31.035334,15.793714,3.6141756,13.018454,631.25714,14.420641,0.5685546,Male,Standard,Quarterly
39.39218,31.037142,15.794776,3.6139717,13.015557,631.2577,14.422586,0.568347,Male,Standard,Quarterly
39.391422,31.041267,15.797196,3.6135073,13.008955,631.2589,14.42702,0.5678737,Male,Standard,Quarterly
39.39199,31.038189,15.79539,3.613854,13.013883,631.258,14.423713,0.5682269,Male,Standard,Quarterly
39.392693,31.034395,15.79316,3.6142821,13.019961,631.25684,14.419628,0.56866264,Male,Standard,Quarterly
39.392277,31.036629,15.794472,3.61403,13.016382,631.2575,14.422032,0.56840616,Male,Standard,Quarterly
39.39204,31.037922,15.795233,3.6138842,13.014312,631.2579,14.423423,0.56825775,Male,Standard,Quarterly
39.39232,31.036396,15.794335,3.614056,13.016755,631.25745,14.421782,0.56843287,Male,Standard,Quarterly
39.392414,31.035887,15.794037,3.6141136,13.017573,631.2573,14.421233,0.56849146,Male,Standard,Quarterly
39.39276,31.034025,15.792944,3.6143234,13.020552,631.2568,14.419233,0.5687049,Male,Standard,Quarterly
39.3922,31.037046,15.794718,3.6139824,13.015712,631.2577,14.422483,0.5683581,Male,Standard,Quarterly
39.392616,31.03479,15.793391,3.614237,13.019328,631.25696,14.420054,0.56861734,Male,Standard,Quarterly
39.393097,31.0322,15.791872,3.6145287,13.023471,631.25616,14.417272,0.5689142,Male,Standard,Quarterly
39.391632,31.040138,15.796535,3.613634,13.010762,631.2586,14.425808,0.5680033,Male,Standard,Quarterly
39.393097,31.0322,15.791872,3.6145287,13.023471,631.25616,14.417272,0.5689142,Male,Standard,Quarterly
39.39296,31.032925,15.792295,3.6144476,13.022315,631.2565,14.418048,0.5688313,Male,Standard,Quarterly
39.39268,31.034437,15.793184,3.614277,13.019894,631.2569,14.419676,0.56865776,Male,Standard,Quarterly
39.39214,31.037392,15.794922,3.6139438,13.01516,631.2578,14.422853,0.56831855,Male,Standard,Quarterly
39.391712,31.039688,15.796269,3.6136854,13.011485,631.2584,14.425323,0.5680551,Male,Standard,Quarterly
39.393097,31.0322,15.791872,3.6145287,13.023471,631.25616,14.417272,0.5689142,Male,Standard,Quarterly
39.392834,31.03364,15.792718,3.6143665,13.021168,631.25665,14.418818,0.5687491,Male,Standard,Quarterly
39.392567,31.035067,15.793554,3.614206,13.018883,631.257,14.420354,0.56858534,Male,Standard,Quarterly
39.391598,31.04033,15.796648,3.6136127,13.010453,631.25867,14.426014,0.5679812,Male,Standard,Quarterly
39.39253,31.035275,15.793675,3.6141827,13.018555,631.25714,14.420573,0.56856185,Male,Standard,Quarterly
39.392365,31.036163,15.794199,3.6140826,13.01713,631.2574,14.421532,0.5684597,Male,Standard,Quarterly
39.392513,31.035362,15.793729,3.6141727,13.018412,631.25714,14.4206705,0.56855154,Male,Standard,Quarterly
39.39271,31.034279,15.793091,3.6142945,13.020144,631.25684,14.419506,0.56867576,Male,Standard,Quarterly
39.391983,31.038225,15.79541,3.6138496,13.013824,631.258,14.42375,0.5682228,Male,Standard,Quarterly
39.391685,31.039831,15.796354,3.6136687,13.011251,631.2585,14.42548,0.5680383,Male,Standard,Quarterly
39.392246,31.036797,15.794572,3.6140108,13.01611,631.25757,14.422215,0.5683866,Male,Standard,Quarterly
39.39244,31.03575,15.793955,3.6141286,13.01779,631.2573,14.421087,0.5685071,Male,Standard,Quarterly
39.39299,31.032787,15.792216,3.6144629,13.022533,631.2564,14.417902,0.56884694,Male,Standard,Quarterly
39.391838,31.03902,15.795879,3.61376,13.01255,631.25824,14.424606,0.5681314,Male,Standard,Quarterly
39.392525,31.035288,15.793686,3.614181,13.018528,631.25714,14.420591,0.5685599,Male,Standard,Quarterly
39.392834,31.033628,15.792709,3.6143682,13.021187,631.2566,14.418805,0.5687505,Male,Standard,Quarterly
39.393097,31.0322,15.791872,3.6145287,13.023471,631.25616,14.417272,0.5689142,Male,Standard,Quarterly
39.39264,31.034683,15.793327,3.6142495,13.0195,631.2569,14.419939,0.5686296,Male,Standard,Quarterly
39.393063,31.03239,15.791981,3.6145077,13.02317,631.2562,14.417473,0.56889266,Male,Standard,Quarterly
39.392303,31.036488,15.794389,3.6140456,13.016607,631.2575,14.421883,0.5684223,Male,Standard,Quarterly
39.39266,31.03457,15.7932625,3.614262,13.019682,631.2569,14.419817,0.5686426,Male,Standard,Quarterly
39.392666,31.034533,15.7932415,3.614266,13.01974,631.2569,14.419778,0.5686468,Male,Standard,Quarterly
39.392857,31.033482,15.792623,3.614385,13.021426,631.2566,14.418644,0.56876767,Male,Standard,Quarterly
39.39244,31.03575,15.793955,3.6141288,13.017792,631.2573,14.421085,0.56850713,Male,Standard,Quarterly
39.393097,31.0322,15.791872,3.6145287,13.023471,631.25616,14.417272,0.5689142,Male,Standard,Quarterly
39.392307,31.036463,15.794375,3.6140487,13.016648,631.25745,14.421852,0.56842524,Male,Standard,Quarterly
39.392887,31.033323,15.792529,3.6144028,13.021681,631.25653,14.418475,0.5687858,Male,Standard,Quarterly
39.392403,31.035946,15.794073,3.6141067,13.017475,631.2573,14.421299,0.56848437,Male,Standard,Quarterly
39.392467,31.035591,15.793861,3.6141467,13.018044,631.2572,14.420916,0.56852525,Male,Standard,Quarterly
39.391895,31.038706,15.795692,3.613796,13.013056,631.2582,14.424267,0.56816775,Male,Standard,Quarterly
39.3926,31.034899,15.793455,3.6142244,13.019153,631.257,14.420172,0.56860477,Male,Standard,Quarterly
39.39263,31.03472,15.793348,3.6142454,13.0194435,631.25696,14.419976,0.56862557,Male,Standard,Quarterly
39.39166,31.039984,15.796444,3.6136518,13.011008,631.25854,14.425642,0.56802094,Male,Standard,Quarterly
39.392277,31.03666,15.794489,3.6140265,13.016332,631.2575,14.422066,0.56840265,Male,Standard,Quarterly
39.392784,31.033886,15.792861,3.6143394,13.020776,631.25665,14.419081,0.56872106,Male,Standard,Quarterly
39.392414,31.0359,15.794044,3.6141124,13.0175495,631.2573,14.4212475,0.56848985,Male,Standard,Quarterly
39.391148,31.042747,15.798067,3.61334,13.006583,631.2594,14.428615,0.56770355,Male,Standard,Quarterly
39.392776,31.033932,15.792887,3.614334,13.020701,631.2567,14.41913,0.5687158,Male,Standard,Quarterly
39.392384,31.036049,15.794131,3.6140952,13.01731,631.2574,14.42141,0.5684726,Male,Standard,Quarterly
39.392204,31.03703,15.794707,3.6139848,13.015743,631.2577,14.422462,0.56836027,Male,Standard,Quarterly
39.393097,31.0322,15.791872,3.6145287,13.023471,631.25616,14.417272,0.5689142,Male,Standard,Quarterly
39.393097,31.0322,15.791872,3.6145287,13.023471,631.25616,14.417272,0.5689142,Male,Standard,Quarterly
39.392803,31.033787,15.792802,3.6143503,13.020937,631.25665,14.418974,0.5687325,Male,Standard,Quarterly
39.392445,31.03572,15.793938,3.6141324,13.017838,631.25726,14.421055,0.56851053,Male,Standard,Quarterly
39.392414,31.035887,15.794035,3.6141136,13.017573,631.2573,14.421233,0.56849146,Male,Standard,Quarterly
39.39299,31.032785,15.792214,3.6144633,13.022537,631.2564,14.417899,0.56884724,Male,Standard,Quarterly
39.392456,31.035667,15.793908,3.6141381,13.01792,631.25726,14.421,0.5685164,Male,Standard,Quarterly
39.422916,31.037176,15.77788,3.6254077,13.030451,630.89136,14.421793,0.5681937,Male,Standard,Quarterly
39.3924,31.035984,15.794093,3.6141026,13.017412,631.2574,14.42134,0.56848,Male,Standard,Quarterly
39.39255,31.03515,15.793604,3.6141965,13.018749,631.2571,14.420443,0.5685758,Male,Standard,Quarterly
39.392845,31.033579,15.79268,3.6143742,13.02127,631.2566,14.41875,0.56875646,Male,Standard,Quarterly
39.392395,31.035995,15.794099,3.6141012,13.017399,631.2574,14.4213505,0.568479,Male,Standard,Quarterly
39.39253,31.035278,15.793678,3.6141822,13.018547,631.25714,14.420579,0.5685613,Male,Standard,Quarterly
39.392044,31.037888,15.795212,3.6138883,13.014367,631.2579,14.423386,0.56826174,Male,Standard,Quarterly
39.392628,31.03475,15.793369,3.6142416,13.019391,631.25696,14.420012,0.5686218,Male,Standard,Quarterly
39.392456,31.035683,15.793916,3.614137,13.017901,631.25726,14.421011,0.56851506,Male,Standard,Quarterly
39.393097,31.0322,15.791872,3.6145287,13.023471,631.25616,14.417272,0.5689142,Male,Standard,Quarterly
39.393097,31.0322,15.791872,3.6145287,13.023471,631.25616,14.417272,0.5689142,Male,Standard,Quarterly
39.39234,31.03628,15.794267,3.6140695,13.016943,631.2574,14.421657,0.56844634,Male,Standard,Quarterly
39.3929,31.033287,15.79251,3.6144066,13.021731,631.25653,14.418439,0.56878954,Male,Standard,Quarterly
39.392693,31.034391,15.793157,3.6142824,13.019966,631.25684,14.419625,0.56866306,Male,Standard,Quarterly
39.392284,31.0366,15.794455,3.6140332,13.01643,631.2575,14.422001,0.5684095,Male,Standard,Quarterly
39.392303,31.036488,15.794389,3.6140456,13.016607,631.2575,14.421883,0.5684222,Male,Standard,Quarterly
39.392277,31.03666,15.794489,3.6140265,13.016334,631.2575,14.422064,0.5684027,Male,Standard,Quarterly
39.393097,31.0322,15.791872,3.6145287,13.023471,631.25616,14.417272,0.5689142,Male,Standard,Quarterly
39.392765,31.033987,15.792921,3.6143277,13.020613,631.2568,14.419192,0.5687093,Male,Standard,Quarterly
39.393097,31.0322,15.791872,3.6145287,13.023471,631.25616,14.417272,0.5689142,Male,Standard,Quarterly
39.391926,31.038551,15.795601,3.6138132,13.013307,631.2581,14.424098,0.5681857,Male,Standard,Quarterly
39.393097,31.0322,15.791872,3.6145287,13.023471,631.25616,14.417272,0.5689142,Male,Standard,Quarterly
39.39265,31.034624,15.793295,3.614256,13.019592,631.2569,14.419877,0.5686362,Male,Standard,Quarterly
39.392467,31.03563,15.793886,3.6141422,13.017981,631.25726,14.420958,0.56852067,Male,Standard,Quarterly
39.3925,31.035429,15.793769,3.6141648,13.018301,631.25714,14.420743,0.56854373,Male,Standard,Quarterly
39.393097,31.0322,15.791872,3.6145287,13.023471,631.25616,14.417272,0.5689142,Male,Standard,Quarterly
39.392094,31.03763,15.795059,3.6139169,13.014779,631.2578,14.423109,0.5682912,Male,Standard,Quarterly
39.393097,31.0322,15.791872,3.6145287,13.023471,631.25616,14.417272,0.5689142,Male,Standard,Quarterly
39.392776,31.033937,15.792892,3.614333,13.020688,631.2567,14.41914,0.5687148,Male,Standard,Quarterly
39.391693,31.039785,15.796329,3.6136742,13.011324,631.2585,14.425428,0.5680436,Male,Standard,Quarterly
39.392048,31.037872,15.795205,3.6138895,13.014388,631.2579,14.423372,0.5682633,Male,Standard,Quarterly
39.39261,31.03485,15.7934265,3.6142304,13.019234,631.25696,14.420116,0.56861055,Male,Standard,Quarterly
39.39293,31.0331,15.792401,3.6144276,13.022031,631.2565,14.41824,0.5688109,Male,Standard,Quarterly
39.39267,31.034508,15.793227,3.6142688,13.019775,631.2569,14.419753,0.56864935,Male,Standard,Quarterly
39.39256,31.03513,15.793591,3.6141992,13.0187845,631.257,14.420419,0.56857836,Male,Standard,Quarterly
39.39275,31.034054,15.792959,3.6143198,13.020502,631.2568,14.419266,0.5687014,Male,Standard,Quarterly
39.393017,31.032627,15.792119,3.614481,13.022794,631.2563,14.417727,0.5688656,Male,Standard,Quarterly
39.39223,31.036896,15.794627,3.614,13.015959,631.2576,14.4223175,0.5683757,Male,Standard,Quarterly
39.391884,31.038752,15.79572,3.6137905,13.01298,631.2582,14.424317,0.56816226,Male,Standard,Quarterly
39.39211,31.037558,15.795016,3.6139255,13.014897,631.2578,14.42303,0.5682997,Male,Standard,Quarterly
39.393097,31.0322,15.791872,3.6145287,13.023471,631.25616,14.417272,0.5689142,Male,Standard,Quarterly
39.392277,31.036621,15.794469,3.6140308,13.016392,631.2575,14.422026,0.5684069,Male,Standard,Quarterly
39.393097,31.0322,15.791872,3.6145287,13.023471,631.25616,14.417272,0.5689142,Male,Standard,Quarterly
39.39147,31.04101,15.797048,3.613536,13.009365,631.25885,14.426744,0.5679031,Male,Standard,Quarterly
39.391953,31.038397,15.795511,3.6138306,13.013552,631.25806,14.423933,0.5682033,Male,Standard,Quarterly
39.39238,31.036087,15.794154,3.614091,13.017251,631.2574,14.42145,0.5684684,Male,Standard,Quarterly
39.3914,31.041376,15.79726,3.6134946,13.008783,631.259,14.427137,0.56786126,Male,Standard,Quarterly
39.391632,31.040127,15.796529,3.6136353,13.010779,631.2586,14.425796,0.56800437,Male,Standard,Quarterly
39.393097,31.0322,15.791872,3.6145287,13.023471,631.25616,14.417272,0.5689142,Male,Standard,Quarterly
39.39235,31.036245,15.794248,3.6140728,13.016994,631.2574,14.421621,0.56845003,Male,Standard,Quarterly
39.39295,31.033012,15.792348,3.6144376,13.022173,631.2565,14.418143,0.56882113,Male,Standard,Quarterly
39.393097,31.0322,15.791872,3.6145287,13.023471,631.25616,14.417272,0.5689142,Male,Standard,Quarterly
39.393097,31.0322,15.791872,3.6145287,13.023471,631.25616,14.417272,0.5689142,Male,Standard,Quarterly
39.392635,31.03469,15.793333,3.6142483,13.019486,631.2569,14.419949,0.5686286,Male,Standard,Quarterly
39.392742,31.034111,15.7929945,3.6143136,13.020413,631.2568,14.419327,0.568695,Male,Standard,Quarterly
39.39163,31.040142,15.796537,3.6136339,13.010755,631.2586,14.425812,0.56800276,Male,Standard,Quarterly
39.393097,31.0322,15.791872,3.6145287,13.023471,631.25616,14.417272,0.5689142,Male,Standard,Quarterly
39.392586,31.034971,15.793499,3.6142163,13.019035,631.257,14.42025,0.5685963,Male,Standard,Quarterly
39.39248,31.035553,15.793839,3.6141512,13.0181055,631.2572,14.420876,0.5685297,Male,Standard,Quarterly
39.393097,31.0322,15.791872,3.6145287,13.023471,631.25616,14.417272,0.5689142,Male,Standard,Quarterly
39.392075,31.03773,15.79512,3.6139057,13.014617,631.2579,14.423219,0.56827956,Male,Standard,Quarterly
39.392006,31.038097,15.795336,3.6138642,13.014029,631.25793,14.423614,0.56823736,Male,Standard,Quarterly
39.393097,31.0322,15.791872,3.6145287,13.023471,631.25616,14.417272,0.5689142,Male,Standard,Quarterly
39.391987,31.038218,15.795405,3.6138508,13.013837,631.258,14.423742,0.5682237,Male,Standard,Quarterly
39.392166,31.037241,15.794833,3.6139605,13.0154,631.25775,14.422692,0.5683357,Male,Standard,Quarterly
39.39169,31.03983,15.7963505,3.6136696,13.011264,631.2585,14.42547,0.5680392,Male,Standard,Quarterly
39.39256,31.035116,15.793585,3.6142004,13.018803,631.257,14.420407,0.5685796,Male,Standard,Quarterly
39.392036,31.037941,15.795243,3.613882,13.014281,631.2579,14.423443,0.56825554,Male,Standard,Quarterly
39.391308,31.041876,15.797556,3.6134386,13.00798,631.25916,14.427675,0.5678038,Male,Standard,Quarterly
39.391823,31.039087,15.7959175,3.6137524,13.0124445,631.25824,14.424676,0.56812394,Male,Standard,Quarterly
39.39287,31.033424,15.792589,3.6143909,13.021513,631.25653,14.418586,0.56877387,Male,Standard,Quarterly
39.39202,31.038017,15.795286,3.6138735,13.014159,631.25793,14.423525,0.56824684,Male,Standard,Quarterly
39.392097,31.037605,15.795046,3.6139197,13.014816,631.2578,14.423084,0.5682939,Male,Standard,Quarterly
39.39232,31.036417,15.79435,3.6140537,13.01672,631.25745,14.421805,0.56843036,Male,Standard,Quarterly
39.39227,31.036674,15.7944975,3.614025,13.016314,631.2575,14.422079,0.5684012,Male,Standard,Quarterly
39.392567,31.03507,15.793556,3.6142058,13.018879,631.257,14.420355,0.5685851,Male,Standard,Quarterly
39.39263,31.034716,15.793348,3.6142454,13.019446,631.25696,14.419975,0.56862575,Male,Standard,Quarterly
39.393097,31.0322,15.791872,3.6145287,13.023471,631.25616,14.417272,0.5689142,Male,Standard,Quarterly
39.39309,31.032228,15.791888,3.6145258,13.023426,631.25616,14.417301,0.568911,Male,Standard,Quarterly
39.391815,31.03915,15.795954,3.613746,13.012348,631.25824,14.424742,0.56811696,Male,Standard,Quarterly
39.392097,31.037613,15.795051,3.6139188,13.014804,631.2578,14.423092,0.56829304,Male,Standard,Quarterly
39.392532,31.03524,15.793656,3.6141863,13.018606,631.25714,14.420539,0.56856555,Male,Standard,Quarterly
39.39195,31.0384,15.795512,3.61383,13.013547,631.25806,14.423937,0.5682029,Male,Standard,Quarterly
39.39259,31.034946,15.793485,3.6142192,13.0190735,631.257,14.420225,0.56859905,Male,Standard,Quarterly
39.39578,31.033987,15.792534,3.6155362,13.02014,631.19965,14.420814,0.5685466,Male,Standard,Quarterly
39.392487,31.035492,15.793805,3.6141582,13.018202,631.2572,14.420812,0.56853646,Male,Standard,Quarterly
39.391937,31.038488,15.795567,3.61382,13.013403,631.2581,14.424032,0.56819254,Male,Standard,Quarterly
39.392418,31.035875,15.794031,3.6141148,13.017587,631.2573,14.421225,0.5684925,Male,Standard,Quarterly
39.392292,31.036547,15.794425,3.614039,13.01651,631.2575,14.4219475,0.5684153,Male,Standard,Quarterly
39.39201,31.03808,15.795324,3.6138666,13.014057,631.25793,14.423594,0.56823957,Male,Standard,Quarterly
39.392124,31.037472,15.794967,3.6139348,13.015033,631.2578,14.422938,0.5683095,Male,Standard,Quarterly
39.390827,31.044498,15.799097,3.6131425,13.0037775,631.2599,14.430498,0.5675024,Male,Standard,Quarterly
39.391304,31.04189,15.7975645,3.6134365,13.007955,631.25916,14.427693,0.56780195,Male,Standard,Quarterly
39.39276,31.034023,15.79294,3.6143236,13.020559,631.2568,14.419229,0.56870544,Male,Standard,Quarterly
39.39226,31.036737,15.794536,3.6140177,13.016209,631.25757,14.422149,0.5683937,Male,Standard,Quarterly
39.39241,31.035925,15.794057,3.6141095,13.017509,631.2573,14.421275,0.568487,Male,Standard,Quarterly
39.392075,31.03773,15.79512,3.6139057,13.014615,631.2579,14.423219,0.56827956,Male,Standard,Quarterly
39.392044,31.037897,15.795217,3.613887,13.014351,631.2579,14.423397,0.5682605,Male,Standard,Quarterly
39.393097,31.0322,15.791872,3.6145287,13.023471,631.25616,14.417272,0.5689142,Male,Standard,Quarterly
39.392277,31.03665,15.794486,3.6140275,13.016347,631.2575,14.422057,0.56840366,Male,Standard,Quarterly
39.392056,31.037846,15.795188,3.6138926,13.014434,631.2579,14.423341,0.5682665,Male,Standard,Quarterly
39.392338,31.036308,15.794285,3.614066,13.016895,631.2574,14.421688,0.5684429,Male,Standard,Quarterly
39.393024,31.032583,15.792095,3.6144857,13.02286,631.2563,14.417683,0.5688703,Male,Standard,Quarterly
39.392643,31.034653,15.793312,3.6142526,13.019545,631.2569,14.4199095,0.5686328,Male,Standard,Quarterly
39.392002,31.038122,15.79535,3.6138616,13.013987,631.25793,14.42364,0.56823444,Male,Standard,Quarterly
39.393097,31.0322,15.791872,3.6145287,13.023471,631.25616,14.417272,0.5689142,Male,Standard,Quarterly
39.392128,31.037458,15.794958,3.613937,13.015058,631.2578,14.422922,0.56831115,Male,Standard,Quarterly
39.391796,31.039251,15.796012,3.6137345,13.012183,631.2583,14.424852,0.5681052,Male,Standard,Quarterly
39.393097,31.0322,15.791872,3.6145287,13.023471,631.25616,14.417272,0.5689142,Male,Standard,Quarterly
39.392307,31.036476,15.794382,3.614047,13.016627,631.2575,14.421867,0.56842375,Male,Standard,Quarterly
39.392265,31.036688,15.794508,3.614023,13.016287,631.2575,14.422096,0.56839925,Male,Standard,Quarterly
39.392544,31.035196,15.793632,3.614191,13.018676,631.2571,14.420492,0.5685705,Male,Standard,Quarterly
39.39164,31.040085,15.796503,3.61364,13.010847,631.25854,14.425752,0.56800926,Male,Standard,Quarterly
39.393097,31.0322,15.791872,3.6145287,13.023471,631.25616,14.417272,0.5689142,Male,Standard,Quarterly
39.392494,31.035458,15.793784,3.6141615,13.018258,631.25714,14.420773,0.5685406,Male,Standard,Quarterly
39.393074,31.032331,15.791948,3.614514,13.023265,631.2562,14.417411,0.5688994,Male,Standard,Quarterly
39.393097,31.0322,15.791872,3.6145287,13.023471,631.25616,14.417272,0.5689142,Male,Standard,Quarterly
39.39259,31.034958,15.793492,3.6142182,13.019058,631.257,14.420235,0.5685979,Male,Standard,Quarterly
39.392567,31.035078,15.793559,3.6142051,13.018869,631.257,14.4203615,0.5685845,Male,Standard,Quarterly
39.392834,31.033642,15.792718,3.6143665,13.021164,631.25665,14.418821,0.5687488,Male,Standard,Quarterly
39.392967,31.032904,15.792284,3.6144497,13.022348,631.2564,14.418027,0.5688337,Male,Standard,Quarterly
39.39285,31.03354,15.792659,3.6143777,13.021325,631.2566,14.418713,0.56876045,Male,Standard,Quarterly
39.39276,31.034016,15.792939,3.6143243,13.020565,631.2568,14.419224,0.56870586,Male,Standard,Quarterly
39.39278,31.033916,15.792878,3.6143353,13.020726,631.2567,14.419115,0.56871754,Male,Standard,Quarterly
39.391636,31.040106,15.796516,3.613638,13.010811,631.2586,14.425775,0.5680069,Male,Standard,Quarterly
39.392235,31.036888,15.794624,3.614001,13.015969,631.2576,14.42231,0.5683765,Male,Standard,Quarterly
39.393097,31.0322,15.791872,3.6145287,13.023471,631.25616,14.417272,0.5689142,Male,Standard,Quarterly
39.392906,31.033237,15.79248,3.6144118,13.021813,631.2565,14.418385,0.56879544,Male,Standard,Quarterly
39.392384,31.03607,15.794142,3.614093,13.017282,631.2574,14.421429,0.56847066,Male,Standard,Quarterly
39.393097,31.0322,15.791872,3.6145287,13.023471,631.25616,14.417272,0.5689142,Male,Standard,Quarterly
39.39286,31.03347,15.792617,3.614386,13.02144,631.2566,14.418636,0.5687686,Male,Standard,Quarterly
39.393055,31.032429,15.792006,3.6145031,13.023106,631.2563,14.417518,0.56888795,Male,Standard,Quarterly
39.392914,31.03319,15.792451,3.6144176,13.0218935,631.2565,14.418331,0.5688011,Male,Standard,Quarterly
39.39191,31.038609,15.795635,3.6138067,13.013212,631.2581,14.424161,0.56817895,Male,Standard,Quarterly
39.392097,31.037601,15.795044,3.61392,13.014823,631.2578,14.423079,0.56829435,Male,Standard,Quarterly
39.393097,31.0322,15.791872,3.6145287,13.023471,631.25616,14.417272,0.5689142,Male,Standard,Quarterly
39.392906,31.033241,15.792482,3.6144118,13.021809,631.2565,14.418388,0.568795,Male,Standard,Quarterly
39.392273,31.036663,15.794493,3.614026,13.016326,631.2575,14.42207,0.5684021,Male,Standard,Quarterly
39.393097,31.0322,15.791872,3.6145287,13.023471,631.25616,14.417272,0.5689142,Male,Standard,Quarterly
39.392334,31.036322,15.794294,3.6140642,13.01687,631.2574,14.421704,0.5684411,Male,Standard,Quarterly
39.391926,31.038551,15.795601,3.6138134,13.013307,631.2581,14.424098,0.5681857,Male,Standard,Quarterly
39.39218,31.037155,15.794782,3.6139705,13.015538,631.2577,14.422599,0.56834567,Male,Standard,Quarterly
39.39179,31.039288,15.796035,3.6137304,13.012126,631.2583,14.4248905,0.5681011,Male,Standard,Quarterly
39.39275,31.034092,15.792982,3.6143157,13.020443,631.2568,14.419306,0.5686972,Male,Standard,Quarterly
39.39233,31.036346,15.794308,3.6140618,13.016832,631.2574,14.421731,0.5684384,Male,Standard,Quarterly
39.39278,31.033907,15.792873,3.6143365,13.020742,631.25665,14.419105,0.5687186,Male,Standard,Quarterly
39.391922,31.03857,15.795611,3.613811,13.013277,631.2581,14.424119,0.56818354,Male,Standard,Quarterly
39.391888,31.038734,15.79571,3.6137924,13.013011,631.2582,14.424296,0.5681644,Male,Standard,Quarterly
39.392597,31.034908,15.793463,3.6142235,13.0191345,631.257,14.420183,0.56860346,Male,Standard,Quarterly
39.392063,31.0378,15.79516,3.6138978,13.01451,631.2579,14.423291,0.5682719,Male,Standard,Quarterly
39.392788,31.033882,15.792857,3.6143398,13.020785,631.25665,14.419074,0.5687217,Male,Standard,Quarterly
39.39252,31.035309,15.793695,3.6141787,13.018495,631.25714,14.420612,0.5685577,Male,Standard,Quarterly
39.397,31.033436,15.792068,3.6160488,13.020844,631.17816,14.420824,0.5685491,Male,Standard,Quarterly
39.39206,31.037817,15.79517,3.6138961,13.01448,631.2579,14.42331,0.56826985,Male,Standard,Quarterly
39.392353,31.036224,15.794235,3.6140754,13.017029,631.2574,14.421598,0.5684525,Male,Standard,Quarterly
39.392906,31.033236,15.792479,3.6144123,13.021816,631.2565,14.418382,0.5687956,Male,Standard,Quarterly
39.39186,31.038885,15.795797,3.6137757,13.01277,631.25824,14.424459,0.5681471,Male,Standard,Quarterly
39.39274,31.034132,15.793006,3.6143112,13.020379,631.2568,14.419349,0.56869256,Male,Standard,Quarterly
39.39251,31.035383,15.793739,3.6141703,13.018379,631.25714,14.4206915,0.5685493,Male,Standard,Quarterly
39.392277,31.036634,15.794477,3.614029,13.016368,631.2575,14.422042,0.5684051,Male,Standard,Quarterly
39.392666,31.034546,15.79325,3.6142645,13.019714,631.2569,14.419794,0.568645,Male,Standard,Quarterly
39.392826,31.033657,15.792727,3.6143649,13.021138,631.25665,14.418838,0.5687469,Male,Standard,Quarterly
39.393787,31.04096,15.795027,3.6137261,13.005595,631.35846,14.431492,0.5681255,Male,Standard,Quarterly
39.392925,31.033129,15.792417,3.6144242,13.021986,631.2565,14.41827,0.5688078,Male,Standard,Quarterly
39.39276,31.034025,15.792944,3.6143234,13.020552,631.2568,14.419233,0.5687049,Male,Standard,Quarterly
39.392456,31.035683,15.793916,3.614137,13.0179,631.25726,14.421015,0.5685149,Male,Standard,Quarterly
39.391872,31.038826,15.795763,3.613782,13.012865,631.2582,14.424395,0.568154,Male,Standard,Quarterly
39.39219,31.03712,15.794761,3.6139746,13.015597,631.2577,14.422561,0.56834984,Male,Standard,Quarterly
39.39273,31.034199,15.793044,3.6143038,13.020275,631.25684,14.419418,0.5686851,Male,Standard,Quarterly
39.393097,31.0322,15.791872,3.6145287,13.023471,631.25616,14.417272,0.5689142,Male,Standard,Quarterly
39.392357,31.036196,15.794218,3.6140788,13.0170765,631.2574,14.421565,0.56845593,Male,Standard,Quarterly
39.392982,31.03434,15.793091,3.6144013,13.020002,631.2515,14.4197235,0.5686536,Male,Standard,Quarterly
39.392517,31.035341,15.793715,3.6141753,13.018447,631.25714,14.420648,0.56855404,Male,Standard,Quarterly
39.392628,31.034733,15.793361,3.6142433,13.019415,631.25696,14.419995,0.56862354,Male,Standard,Quarterly
39.392277,31.036634,15.794477,3.614029,13.016369,631.2575,14.422042,0.5684052,Male,Standard,Quarterly
39.39239,31.036013,15.79411,3.6140993,13.017372,631.2574,14.421368,0.56847703,Male,Standard,Quarterly
39.392857,31.033491,15.792627,3.6143837,13.02141,631.2566,14.418656,0.5687665,Male,Standard,Quarterly
39.391613,31.040236,15.796591,3.6136234,13.010606,631.25867,14.425912,0.5679921,Male,Standard,Quarterly
39.392433,31.035788,15.793978,3.614125,13.017733,631.2573,14.421125,0.5685029,Male,Standard,Quarterly
39.392982,31.032831,15.79224,3.614458,13.022465,631.2564,14.417948,0.568842,Male,Standard,Quarterly
39.392845,31.03355,15.7926655,3.6143765,13.021309,631.2566,14.418725,0.56875914,Male,Standard,Quarterly
39.391964,31.03833,15.795473,3.6138377,13.013654,631.258,14.423866,0.56821054,Male,Standard,Quarterly
39.393063,31.032383,15.791978,3.6145086,13.023182,631.2562,14.417467,0.5688934,Male,Standard,Quarterly
39.393017,31.032629,15.792121,3.6144807,13.022788,631.2563,14.41773,0.5688653,Male,Standard,Quarterly
39.393097,31.0322,15.791872,3.6145287,13.023471,631.25616,14.417272,0.5689142,Male,Standard,Quarterly
39.392303,31.036491,15.794391,3.6140451,13.016603,631.2575,14.421885,0.56842196,Male,Standard,Quarterly
39.39272,31.034254,15.793077,3.6142974,13.0201845,631.25684,14.419477,0.5686787,Male,Standard,Quarterly
39.393097,31.0322,15.791872,3.6145287,13.023471,631.25616,14.417272,0.5689142,Male,Standard,Quarterly
39.396454,31.03116,15.790854,3.6159158,13.024644,631.19586,14.417853,0.5688629,Male,Standard,Quarterly
39.392086,31.037651,15.7950735,3.6139145,13.014744,631.2578,14.423132,0.5682887,Male,Standard,Quarterly
39.393097,31.0322,15.791872,3.6145287,13.023471,631.25616,14.417272,0.5689142,Male,Standard,Quarterly
39.392216,31.036972,15.794672,3.6139917,13.015834,631.2577,14.4224,0.5683669,Male,Standard,Quarterly
39.392216,31.036966,15.794669,3.613992,13.015844,631.2577,14.422393,0.5683676,Male,Standard,Quarterly
39.392635,31.034704,15.793342,3.6142468,13.0194645,631.2569,14.419961,0.5686272,Male,Standard,Quarterly
39.393097,31.0322,15.791872,3.6145287,13.023471,631.25616,14.417272,0.5689142,Male,Standard,Quarterly
39.392296,31.036533,15.794418,3.6140406,13.016531,631.2575,14.42193,0.5684169,Male,Standard,Quarterly
39.392517,31.03533,15.793708,3.6141763,13.018463,631.25714,14.420635,0.5685553,Male,Standard,Quarterly
39.39253,31.035284,15.793682,3.6141815,13.018537,631.25714,14.420585,0.56856054,Male,Standard,Quarterly
39.39294,31.033052,15.792372,3.6144328,13.022109,631.2565,14.418187,0.56881654,Male,Standard,Quarterly
39.392567,31.035078,15.793561,3.6142044,13.018867,631.257,14.420363,0.5685842,Male,Standard,Quarterly
39.39156,31.040506,15.796752,3.6135924,13.010168,631.25867,14.426206,0.56796074,Male,Standard,Quarterly
39.392868,31.033432,15.792593,3.6143901,13.0215025,631.25653,14.418593,0.56877315,Male,Standard,Quarterly
39.39195,31.038425,15.795528,3.6138272,13.013505,631.25806,14.4239645,0.56819993,Male,Standard,Quarterly
39.393097,31.0322,15.791872,3.6145287,13.023471,631.25616,14.417272,0.5689142,Male,Standard,Quarterly
39.39198,31.038229,15.795412,3.6138492,13.013818,631.258,14.423755,0.5682224,Male,Standard,Quarterly
39.392277,31.036633,15.794476,3.6140294,13.016375,631.2575,14.422038,0.56840557,Male,Standard,Quarterly
39.39198,31.038263,15.795433,3.6138453,13.013764,631.258,14.423792,0.5682184,Male,Standard,Quarterly
